our_address,size_bytes,tier,symbol,raw,decoded,equation,units,ca652048_address,description
0x8092,1,MEDIUM,C_CPPWM_AS,0,0,"X","",0x8092,"Common Correction"
0x8094,1,HIGH,C_IGA_AS_0,0,0,"X","",0x8093,"Ignition Angle Correction"
0x8095,1,HIGH,C_IGA_AS_1,0,0,"X","",0x8094,"Ignition Angle Correction"
0x8096,1,HIGH,C_IGA_AS_2,0,0,"X","",0x8095,"Ignition Angle Correction"
0x8097,1,HIGH,C_IGA_AS_3,0,0,"X","",0x8096,"Ignition Angle Correction"
0x8098,1,HIGH,C_IGA_AS_4,0,0,"X","",0x8097,"Ignition Angle Correction"
0x8099,1,HIGH,C_IGA_AS_5,0,0,"X","",0x8098,"Ignition Angle Correction"
0x809A,1,HIGH,C_ISAPWM_AS,0,0,"X","",0x8099,"Common Correction"
0x809B,1,HIGH,C_LSHPWM_1_AS,0,0,"X","",0x809A,"Common Correction"
0x809C,1,HIGH,C_LSHPWM_2_AS,0,0,"X","",0x809B,"Common Correction"
0x809D,1,HIGH,C_LSHPWM_CAT_1_AS,0,0,"X","",0x809C,"Common Correction"
0x809E,1,HIGH,C_LSHPWM_CAT_2_AS,0,0,"X","",0x809D,"Common Correction"
0x809F,1,HIGH,C_SOI_AS,0,0,"X","",0x809E,"Injection Time Correction"
0x80A0,1,HIGH,C_TD_AS,0,0,"X","",0x809F,"Ignition Angle Correction"
0x80A1,1,HIGH,C_INH_IV_AS,0,0,"X","",0x80A0,"Injection Time Correction"
0x80A2,1,HIGH,C_TI_AS_0,128,128,"X","",0x80A2,"Injection Time Correction"
0x80A3,1,HIGH,C_TI_AS_1,128,128,"X","",0x80A3,"Injection Time Correction"
0x80A4,1,HIGH,C_TI_AS_2,128,128,"X","",0x80A4,"Injection Time Correction"
0x80A5,1,HIGH,C_TI_AS_3,128,128,"X","",0x80A5,"Injection Time Correction"
0x80A6,1,HIGH,C_TI_AS_4,128,128,"X","",0x80A6,"Injection Time Correction"
0x80A7,1,HIGH,C_TI_AS_5,128,128,"X","",0x80A7,"Injection Time Correction"
0x80A8,1,HIGH,C_TQR_AS,0,0,"X","",0x80A8,"Common Correction"
0x80A9,1,HIGH,C_ABC_INC_CAM_DIAG,1,1,"X","",0x80A9,"Constants CRK/CAM Diagnosis"
0x80AA,1,HIGH,C_ABC_INC_CAN_BUS_OFF_DIAG,0,0,"X","",0x80AA,"Constants CAN Bus Diagnosis"
0x80AB,1,HIGH,C_ABC_INC_CPS_DIAG,1,1,"X","",0x80AB,"Constants Diagnosis"
0x80AC,1,MEDIUM,C_ABC_INC_CPS_MECHA,0,0,"X","",0x80AC,"Constants Canister Purge Diagnosis"
0x80AD,1,HIGH,C_ABC_INC_CRK_DIAG,4,4,"X","",0x80AD,"Constants CRK/CAM Diagnosis"
0x80AE,1,MEDIUM,C_ABC_INC_DTP_NOISE,0,0,"X","",0x80AE,"Constants DTP Sensor"
0x80AF,1,MEDIUM,C_ABC_INC_DTP_SENS,0,0,"X","",0x80AF,"Constants DTP Sensor"
0x80B0,1,MEDIUM,C_ABC_INC_FTL_DIAG,0,0,"X","",0x80B0,"Constants for FTL"
0x80B1,1,MEDIUM,C_ABC_INC_FTL_INTM_DIAG,0,0,"X","",0x80B1,"Constants for FTL"
0x80B2,1,MEDIUM,C_ABC_INC_IGC_DIAG,0,0,"X","",0x80B2,"Constants Spark advance diagnosis"
0x80B3,1,HIGH,C_ABC_INC_ISA_1_DIAG,2,2,"X","",0x80B3,"Constants ISA Diagnosis"
0x80B4,1,HIGH,C_ABC_INC_ISA_2_DIAG,2,2,"X","",0x80B4,"Constants ISA Diagnosis"
0x80B5,1,HIGH,C_ABC_INC_ISAPWM_H_DIAG,1,1,"X","",0x80B5,"Constants ISA Diagnosis"
0x80B6,1,HIGH,C_ABC_INC_ISAPWM_L_DIAG,1,1,"X","",0x80B6,"Constants ISA Diagnosis"
0x80B7,1,HIGH,C_ABC_INC_IV_DIAG,2,2,"X","",0x80B7,"Constants Diagnosis"
0x80B8,1,MEDIUM,C_ABC_INC_LSH_DOWN_DIAG,0,0,"X","",0x80B8,"Constants Diagnosis"
0x80B9,1,HIGH,C_ABC_INC_LSH_UP_DIAG,1,1,"X","",0x80B9,"Constants Diagnosis"
0x80BA,1,HIGH,C_ABC_INC_MAF_DIAG,5,5,"X","",0x80BA,"Constants Diagnosis"
0x80BB,1,MEDIUM,C_ABC_INC_NL_KNK_DIAG,0,0,"X","",0x80BC,"Constants Diagnosis"
0x80BC,1,HIGH,C_ABC_INC_NON_IMOB_ECU,1,1,"X","",0x80BD,"Constants Immobilizer"
0x80BD,1,HIGH,C_ABC_INC_RLY_EFP_DIAG,2,2,"X","",0x80BE,"Constants Diagnosis"
0x80BE,1,HIGH,C_ABC_INC_RLY_FAN_H_DIAG,2,2,"X","",0x80BF,"Constants Diagnosis"
0x80BF,1,MEDIUM,C_ABC_INC_RLY_FAN_L_DIAG,0,0,"X","",0x80C0,"Constants Diagnosis"
0x80C0,1,MEDIUM,C_ABC_INC_SOV_DIAG,0,0,"X","",0x80C1,"Constants Diagnosis"
0x80C1,1,MEDIUM,C_ABC_INC_SOV_MECHA,0,0,"X","",0x80C2,"Constants Diagnosis"
0x80C2,1,MEDIUM,C_ABC_INC_SPI_DIAG,0,0,"X","",0x80C3,"Constants Diagnosis"
0x80C3,1,HIGH,C_ABC_INC_T_DLY_AD_DIAG,1,1,"X","",0x80C4,"Constants Fuel Trim and Cat Purge Function"
0x80C4,1,HIGH,C_ABC_INC_T_SEG_DIAG,2,2,"X","",0x80C5,"Constants Misfire detection"
0x80C5,1,HIGH,C_ABC_INC_TCO_DIAG,1,1,"X","",0x80C6,"Constants Diagnosis"
0x80C7,1,HIGH,C_ABC_INC_TCO_GRD_DIAG,1,1,"X","",0x80C7,"Constants Diagnosis"
0x80C8,1,MEDIUM,C_ABC_INC_TIA_DIAG,0,0,"X","",0x80C8,"Constants Diagnosis"
0x80C9,1,HIGH,C_ABC_INC_TIMEOUT_TCS1_DIAG,0,0,"X","",0x80C9,"Constants CAN Bus Diagnosis"
0x80CA,1,HIGH,C_ABC_INC_TIMEOUT_TCU1_DIAG,1,1,"X","",0x80CA,"Constants CAN Bus Diagnosis"
0x80CB,1,HIGH,C_ABC_INC_TPS_MES_DIAG,2,2,"X","",0x80CB,"Constants Diagnosis"
0x80CF,1,MEDIUM,C_ABC_INC_VB,0,0,"X","",0x80CC,"Battery Voltage Diagnosis"
0x80D0,1,HIGH,C_ABC_INC_VIM_DIAG,0,0,"X","",0x80CD,"Constants Diagnosis"
0x80D1,1,HIGH,C_ABC_INC_VIM_1_DIAG,0,0,"X","",0x80CE,"Constants Diagnosis"
0x80D2,1,HIGH,C_ABC_INC_VIM_2_DIAG,0,0,"X","",0x80CF,"Constants Diagnosis"
0x80D3,1,MEDIUM,C_ABC_INC_VLS_DIAG,5,5,"X","",0x80D0,"Constants Diagnosis"
0x80D4,1,MEDIUM,C_ABC_INC_VLS_CAT_DIAG,0,0,"X","",0x80D1,"Constants Diagnosis"
0x80D5,1,MEDIUM,C_ABC_INC_VLS_LIM_DIAG,0,0,"X","",0x80D2,"Constants Diagnosis"
0x80D6,1,HIGH,C_ABC_MAX_CAM_DIAG,80,80,"X","",0x80D3,"Constants CRK/CAM Diagnosis"
0x80D7,1,MEDIUM,C_ABC_MAX_CAN_BUS_OFF_DIAG,255,255,"X","",0x80D4,"Constants CAN Bus Diagnosis"
0x80D8,1,HIGH,C_ABC_MAX_CPS_DIAG,10,10,"X","",0x80D5,"Constants Diagnosis"
0x80D9,1,MEDIUM,C_ABC_MAX_CPS_MECHA,255,255,"X","",0x80D6,"Constants Canister Purge Diagnosis"
0x80DA,1,HIGH,C_ABC_MAX_CRK_DIAG,20,20,"X","",0x80D7,"Constants CRK/CAM Diagnosis"
0x80DB,1,MEDIUM,C_ABC_MAX_DTP_NOISE,255,255,"X","",0x80D8,"Constants DTP Sensor"
0x80DC,1,MEDIUM,C_ABC_MAX_DTP_SENS,255,255,"X","",0x80D9,"Constants DTP Sensor"
0x80DD,1,HIGH,C_ABC_MAX_ER,6,6,"X","",0x80DA,"Constants Misfire detection"
0x80DE,1,MEDIUM,C_ABC_MAX_FTL_DIAG,255,255,"X","",0x80DB,"Constants for FTL"
0x80DF,1,MEDIUM,C_ABC_MAX_FTL_INTM_DIAG,255,255,"X","",0x80DC,"Constants for FTL"
0x80E0,1,HIGH,C_ABC_MAX_IGC_DIAG,255,255,"X","",0x80DE,"Constants Spark advance diagnosis"
0x80E8,1,HIGH,C_ABC_MAX_LSH_UP_DIAG,20,20,"X","",0x80E6,"Constants Diagnosis"
0x80E9,1,HIGH,C_ABC_MAX_MAF_DIAG,100,100,"X","",0x80E7,"Constants Diagnosis"
0x80EA,1,MEDIUM,C_ABC_MAX_MIL_DIAG,255,255,"X","",0x80E8,"Constants Diagnosis"
0x80EB,1,HIGH,C_ABC_MAX_NL_KNK_DIAG,10,10,"X","",0x80E9,"Constants Diagnosis"
0x80EC,1,HIGH,C_ABC_MAX_NON_IMOB_ECU,2,2,"X","",0x80EA,"Constants Immobilizer"
0x80ED,1,HIGH,C_ABC_MAX_RLY_EFP_DIAG,10,10,"X","",0x80EB,"Constants Diagnosis"
0x80EE,1,MEDIUM,C_ABC_MAX_RLY_FAN_H_DIAG,255,255,"X","",0x80EC,"Constants Diagnosis"
0x80EF,1,MEDIUM,C_ABC_MAX_RLY_FAN_L_DIAG,255,255,"X","",0x80ED,"Constants Diagnosis"
0x80F0,1,MEDIUM,C_ABC_MAX_SOV_DIAG,255,255,"X","",0x80EE,"Constants Diagnosis"
0x80F1,1,MEDIUM,C_ABC_MAX_SOV_MECHA,255,255,"X","",0x80EF,"Constants Diagnosis"
0x80F2,1,HIGH,C_ABC_MAX_SPI_DIAG,10,10,"X","",0x80F0,"Constants Diagnosis"
0x80F3,1,HIGH,C_ABC_MAX_T_SEG_DIAG,20,20,"X","",0x80F2,"Constants Misfire detection"
0x80F4,1,HIGH,C_ABC_MAX_TCO_DIAG,10,10,"X","",0x80F3,"Constants Diagnosis"
0x80F5,1,MEDIUM,C_ABC_MAX_TCO_GRD_DIAG,255,255,"X","",0x80F4,"Constants Diagnosis"
0x80F6,1,HIGH,C_ABC_MAX_TIA_DIAG,100,100,"X","",0x80F5,"Constants Diagnosis"
0x80F8,1,MEDIUM,C_ABC_MAX_TIMEOUT_TCS1_DIAG,255,255,"X","",0x80F6,"Constants CAN Bus Diagnosis"
0x80F9,1,HIGH,C_ABC_MAX_TIMEOUT_TCU1_DIAG,10,10,"X","",0x80F7,"Constants CAN Bus Diagnosis"
0x80FA,1,HIGH,C_ABC_MAX_TPS_MES_DIAG,200,200,"X","",0x80F8,"Constants Diagnosis"
0x80FE,1,MEDIUM,C_ABC_MAX_VB,255,255,"X","",0x80F9,"Battery Voltage Diagnosis"
0x80FF,1,HIGH,C_ABC_MAX_VIM_DIAG,255,255,"X","",0x80FA,"Constants Diagnosis"
0x8100,1,HIGH,C_ABC_MAX_VIM_1_DIAG,255,255,"X","",0x80FB,"Constants Diagnosis"
0x8101,1,HIGH,C_ABC_MAX_VIM_2_DIAG,255,255,"X","",0x80FC,"Constants Diagnosis"
0x8102,1,MEDIUM,C_ABC_MAX_VLS_DIAG,50,50,"X","",0x80FD,"Constants Diagnosis"
0x8103,1,MEDIUM,C_ABC_MAX_VLS_CAT_DIAG,255,255,"X","",0x80FE,"Constants Diagnosis"
0x8104,1,MEDIUM,C_ABC_MAX_VLS_LIM_DIAG,255,255,"X","",0x80FF,"Constants Diagnosis"
0x8105,1,HIGH,C_ACCIN_DLY_1,25,25,"X","",0x8100,"Constants Auxiliary functions"
0x8106,1,HIGH,C_ACCIN_DLY_4,50,50,"X","",0x8101,"Constants Auxiliary functions"
0x8107,1,HIGH,C_ACCIN_DLY_5,10,10,"X","",0x8102,"Constants Auxiliary functions"
0x8108,1,HIGH,C_ACCIN_DLY_6,30,30,"X","",0x8103,"Constants Auxiliary functions"
0x8109,1,HIGH,C_ACCIN_VS_MAX,15,15,"X","",0x8104,"Constants Auxiliary functions"
0x810A,1,HIGH,C_ACCOUT_TCO_HYS,9,9,"X","",0x8105,"Constants Auxiliary functions"
0x810B,1,HIGH,C_AD_CRLC_IS,169,169,"X","",0x8106,"Constants ISAPWM"
0x810C,1,HIGH,C_AD_FAC_IS,51,51,"X","",0x8107,"Constants ISAPWM"
0x810D,1,HIGH,C_CAM_AD_CRLC,26,26,"X","",0x8108,"Constants CRK/CAM Diagnosis"
0x810E,1,HIGH,C_CAM_AD_DLY_CTR,200,200,"X","",0x8109,"Constants CRK/CAM Diagnosis"
0x810F,1,HIGH,C_CAM_AD_DYW,2,2,"X","",0x810A,"Constants CRK/CAM Diagnosis"
0x8110,1,HIGH,C_CAM_DIAG_ENG_STOP_MAX,5,5,"X","",0x810B,"Constants CRK/CAM Diagnosis"
0x8111,1,MEDIUM,C_CAM_DYW_DIAG,5,5,"X","",0x810C,"Constants CRK/CAM Diagnosis"
0x8112,1,HIGH,C_CAM_STATE_AD_CTR,100,100,"X","",0x810D,"Constants CRK/CAM Diagnosis"
0x8117,1,MEDIUM,C_CONF_CFA,1,1,"X","",0x8110,"Constants Variant Selection"
0x811B,1,HIGH,C_CONF_CP,1,1,"X","",0x8112,"Constants Variant Selection"
0x811C,1,HIGH,C_CONF_DIAGCP,1,1,"X","",0x8113,"Constants Variant Selection"
0x811D,1,HIGH,C_CONF_LAM,2,2,"X","",0x8118,"Constants Variant Selection"
0x8120,1,MEDIUM,C_CONF_MIL_FMY,1,1,"X","",0x8119,"Constants Variant Selection"
0x8121,1,HIGH,C_CONF_VIM,0,0,"X","",0x811C,"Constants Variant Selection"
0x8123,1,HIGH,C_COR_FAC_INC_CP,128,128,"X","",0x811E,"Constants Canister Purge"
0x8124,1,HIGH,C_CPPWM_AD_MAX,255,255,"X","",0x811F,"Constants Canister Purge"
0x8125,1,HIGH,C_CPPWM_AD_MIN,5,5,"X","",0x8120,"Constants Canister Purge"
0x8126,1,HIGH,C_CPPWM_CLOSE,3,3,"X","",0x8121,"Constants Canister Purge"
0x8127,1,MEDIUM,C_CPPWM_MAX_IS_DIAG,180,180,"X","",0x8122,"Constants ISA Diagnosis"
0x8128,1,HIGH,C_CRK_N_MAX_OSC,40,40,"X","",0x8123,"Constants Crankshaft Oscillation"
0x8129,1,HIGH,C_CRK_SEG_ACT_OSC,6,6,"X","",0x8124,"Constants Crankshaft Oscillation"
0x812A,1,HIGH,C_CRK_VLD_TOOTH,8,8,"X","",0x8125,"Constants Diagnosis"
0x812B,1,HIGH,C_CRK_VS_RR_N_RATIO_OSC,82,82,"X","",0x8126,"Constants Crankshaft Oscillation"
0x812C,1,HIGH,C_CRLC_DLY_AD,1,1,"X","",0x8127,"Constants Fuel Trim and Cat Purge Function"
0x8134,1,HIGH,C_CTR_COM_MAX_SECU_4_IMOB,5,5,"X","",0x8128,"Constants Immobilizer"
0x8135,1,HIGH,C_CTR_DLY_WHEEL_GRD,200,200,"X","",0x8129,"Constants for FTL"
0x8136,1,HIGH,C_CYC_MAX_AE,205,205,"X","",0x812B,"Constants AE, PUR, PUC"
0x8137,1,HIGH,C_CYCNR_DYW_IS,80,80,"X","",0x812C,"Constants ISAPWM"
0x8138,1,HIGH,C_CYCNR_IS,175,175,"X","",0x812D,"Constants ISAPWM"
0x8139,1,HIGH,C_CYCNR_IS_VS,200,200,"X","",0x812E,"Constants ISAPWM"
0x813B,1,HIGH,C_DIAGCP_DIA_MAX,67,67,"X","",0x812F,"Constants Canister Purge Diagnosis"
0x813C,1,HIGH,C_DIAGCP_DIA_MAX_DTP_COR_2,67,67,"X","",0x8130,"Constants Canister Purge Diagnosis"
0x813D,1,HIGH,C_DIAGCP_DIA_MIN,35,35,"X","",0x8131,"Constants Canister Purge Diagnosis"
0x813E,1,HIGH,C_DIAGCP_VOL_MAX,218,218,"X","",0x8132,"Constants Canister Purge Diagnosis"
0x813F,1,HIGH,C_DIAGCP_VOL_MIN,38,38,"X","",0x8133,"Constants Canister Purge Diagnosis"
0x8141,1,MEDIUM,C_DRI_TPS_GRD_MIN_AJ,255,255,"X","",0x8134,"Constants Basic functions, PL, FL"
0x8143,1,HIGH,C_DTP_EVAC_MMV_CRLC,128,128,"X","",0x8135,"Constants DTP slope estimation during evacuation"
0x8144,1,HIGH,C_DTP_EVAC_SLOP_MMV_CRLC,26,26,"X","",0x8136,"Constants DTP slope estimation during evacuation"
0x8145,1,HIGH,C_EOI_N_MAX,157,157,"X","",0x8137,"Constants AE, PUR, PUC"
0x8146,1,HIGH,C_FAC_CP_MAX_FSD,205,205,"X","",0x8138,"Constants Fuel System Diagnosis"
0x8147,1,HIGH,C_FAC_DIAGCP_MDL_BAS,77,77,"X","",0x8139,"Constants Canister Purge Diagnosis"
0x814F,1,HIGH,C_FAC_MIN_CP_DIAGCP,179,179,"X","",0x813A,"Constants Canister Purge Diagnosis"
0x8150,1,HIGH,C_FAC_MIN_P_CP,3,3,"X","",0x813B,"Constants Canister Purge"
0x8154,1,MEDIUM,C_FAC_TRA_KNK,35,35,"X","",0x813C,"Constants knock adaption 1, 2 and KNK"
0x815A,1,MEDIUM,C_FCO_FAC_1,43,43,"X","",0x813E,"Constants Auxiliary functions"
0x815C,1,HIGH,C_FTL_GRD_MAX,14,14,"X","",0x8140,"Constants for FTL"
0x815D,1,HIGH,C_FTL_LIH,128,128,"X","",0x8141,"Constants for FTL"
0x815E,1,MEDIUM,C_FTL_MES_GRD_MAX_DIAG,255,255,"X","",0x8142,"Constants for FTL"
0x815F,1,HIGH,C_FTL_MMV_GAIN,3,3,"X","",0x8143,"Constants for FTL"
0x8160,1,MEDIUM,C_HYS_TAM_ACC_ST,27,27,"X","",0x8144,"Constants Auxiliary functions"
0x8161,1,HIGH,C_IGA_AD_DIF_MAX,8,8,"X","",0x8145,"Constants knock adaption 1, 2 and KNK"
0x8162,1,HIGH,C_IGA_DIF_CYCNR_ER,12,12,"X","",0x8146,"Constants Misfire detection"
0x8163,1,HIGH,C_IGA_DIF_MAX_ER,27,27,"X","",0x8147,"Constants Misfire detection"
0x8164,1,HIGH,C_IGA_DIF_MAX_MIN_KNK,13,13,"X","",0x8148,"Constants knock adaption 1, 2 and KNK"
0x8165,1,HIGH,C_IGA_INC_AD,5,5,"X","",0x8149,"Constants knock adaption 1, 2 and KNK"
0x8166,1,HIGH,C_IGA_LGRD_TQR,255,255,"X","",0x814A,"Constants Traction Control Function"
0x8167,1,HIGH,C_IGA_MAF_HYS_KNK,4,4,"X","",0x814B,"Constants knock adaption 1, 2 and KNK"
0x8168,1,HIGH,C_IGA_MAF_LGRD,33,33,"X","",0x814C,"Constants Basic functions, PL, FL"
0x8169,1,HIGH,C_IGA_MIN_COP,128,128,"X","",0x814D,"Constants Catalyst protection"
0x816A,1,HIGH,C_IGA_N_DIF_FAC_IS,128,128,"X","",0x814E,"Constants IS"
0x816B,1,HIGH,C_IGA_N_HYS_KNK,2,2,"X","",0x814F,"Constants knock adaption 1, 2 and KNK"
0x816C,1,HIGH,C_IGA_VS_MAX_CH,0,0,"X","",0x8150,"Constants Basic functions, PL, FL"
0x816D,1,HIGH,C_IGC_DUR_N_MAX_DIAG,141,141,"X","",0x8151,"Constants Spark advance diagnosis"
0x816F,1,MEDIUM,C_ISAPWM_2_1,13,13,"X","",0x8152,"Constants ISA"
0x8170,1,HIGH,C_ISAPWM_2_1_CFA,7,7,"X","",0x8153,"Constants CFA 2 speed control"
0x8171,1,HIGH,C_ISAPWM_2_1_LGRD,20,20,"X","",0x8154,"Constants ISA"
0x8172,1,HIGH,C_ISAPWM_2_3_CFA,17,17,"X","",0x8155,"Constants CFA 2 speed control"
0x8173,1,HIGH,C_ISAPWM_3_0_1_CFA,15,15,"X","",0x8156,"Constants CFA 3 speed control"
0x8174,1,HIGH,C_ISAPWM_3_0_2_CFA,26,26,"X","",0x8157,"Constants CFA 3 speed control"
0x8175,1,HIGH,C_ISAPWM_3_0_3_CFA,34,34,"X","",0x8158,"Constants CFA 3 speed control"
0x8176,1,HIGH,C_ISAPWM_3_1_1_CFA,24,24,"X","",0x8159,"Constants CFA 3 speed control"
0x8177,1,HIGH,C_ISAPWM_3_1_2_CFA,31,31,"X","",0x815A,"Constants CFA 3 speed control"
0x8178,1,HIGH,C_ISAPWM_3_1_3_CFA,41,41,"X","",0x815B,"Constants CFA 3 speed control"
0x8179,1,HIGH,C_ISAPWM_ACCIN_AD_FAC,128,128,"X","",0x815C,"Constants ISAPWM"
0x817A,1,HIGH,C_ISAPWM_ACCIN_DEC_TRA,4,4,"X","",0x815D,"Constants ISA"
0x817B,1,HIGH,C_ISAPWM_ACCIN_LGRD,2,2,"X","",0x815E,"Constants ISA"
0x817C,1,HIGH,C_ISAPWM_CRLC_DIAG,26,26,"X","",0x815F,"Constants ISA Diagnosis"
0x817D,1,HIGH,C_ISAPWM_CRLC_IS,5,5,"X","",0x8160,"Constants ISAPWM"
0x817E,1,HIGH,C_ISAPWM_DRI_DEC_TRA,12,12,"X","",0x8161,"Constants ISA"
0x817F,1,HIGH,C_ISAPWM_DRI_INC_TRA,41,41,"X","",0x8162,"Constants ISA"
0x8180,1,HIGH,C_ISAPWM_INC_2_0_CFA,0,0,"X","",0x8163,"Constants CFA 2 speed control"
0x8181,1,HIGH,C_ISAPWM_INC_2_1_CFA,0,0,"X","",0x8164,"Constants CFA 2 speed control"
0x8182,1,HIGH,C_ISAPWM_INC_3_0_CFA,0,0,"X","",0x8165,"Constants CFA 3 speed control"
0x8183,1,HIGH,C_ISAPWM_INC_3_1_CFA,0,0,"X","",0x8166,"Constants CFA 3 speed control"
0x8184,1,HIGH,C_ISAPWM_ISA_DIAG_1,13,13,"X","",0x8167,"Constants ISA Diagnosis"
0x8185,1,HIGH,C_ISAPWM_ISA_DIAG_2,244,244,"X","",0x8168,"Constants ISA Diagnosis"
0x8186,1,HIGH,C_ISAPWM_ISA_DIAG_3,244,244,"X","",0x8169,"Constants ISA Diagnosis"
0x8187,1,HIGH,C_ISAPWM_ISA_DIAG_4,13,13,"X","",0x816A,"Constants ISA Diagnosis"
0x8188,1,HIGH,C_ISAPWM_LGRD,4,4,"X","",0x816B,"Constants idle speed regulation"
0x8189,1,HIGH,C_ISAPWM_LGRD_2_0_CFA,2,2,"X","",0x816C,"Constants CFA 2 speed control"
0x818A,1,HIGH,C_ISAPWM_LGRD_2_1_CFA,2,2,"X","",0x816D,"Constants CFA 2 speed control"
0x818B,1,HIGH,C_ISAPWM_LGRD_3_0_CFA,2,2,"X","",0x816E,"Constants CFA 3 speed control"
0x818C,1,HIGH,C_ISAPWM_LGRD_3_1_CFA,2,2,"X","",0x816F,"Constants CFA 3 speed control"
0x818D,1,HIGH,C_ISAPWM_LGRD_ACCIN,20,20,"X","",0x8170,"Constants ISA"
0x818E,1,HIGH,C_ISAPWM_LGRD_CH,3,3,"X","",0x8171,"Constants ISA"
0x818F,1,HIGH,C_ISAPWM_LGRD_D,20,20,"X","",0x8172,"Constants idle speed regulation"
0x8190,1,HIGH,C_ISAPWM_LGRD_DEC_2_CFA,2,2,"X","",0x8173,"Constants CFA 2 speed control"
0x8191,1,HIGH,C_ISAPWM_LGRD_DEC_3_CFA,2,2,"X","",0x8174,"Constants CFA 3 speed control"
0x8192,1,HIGH,C_ISAPWM_LGRD_ST_ACCIN,20,20,"X","",0x8175,"Constants ISA"
0x8193,1,HIGH,C_ISAPWM_LGRD_TPS_CH,5,5,"X","",0x8177,"Constants ISA"
0x8194,1,HIGH,C_ISAPWM_PSTE_TRA_LGRD,10,10,"X","",0x8178,"Constants Power Steering Load"
0x8195,1,HIGH,C_LAM_AD_SUM_P,5,5,"X","",0x8179,"Constants lambda adaption"
0x8196,1,HIGH,C_LAM_AD_SUM_P_IS,5,5,"X","",0x817A,"Constants lambda adaption"
0x8197,1,HIGH,C_LAM_LDC_SUM_P,3,3,"X","",0x817B,"Constants catalyst efficiency diagnosis"
0x8198,1,HIGH,C_LAM_MAX_CYCNR,255,255,"X","",0x817C,"Constants Canister Purge"
0x819A,1,HIGH,C_LAM_MV_CRLC,20,20,"X","",0x817D,"Constants Canister Purge"
0x819B,1,HIGH,C_LAM_MV_DYW,9,9,"X","",0x817E,"Constants lambda adaption"
0x819C,1,HIGH,C_LAM_N_MIN,0,0,"X","",0x817F,"Constants O2 sensors heating, lambda regulation"
0x819D,1,HIGH,C_LAM_NEG_I_IS,5,5,"X","",0x8180,"Constants O2 sensors heating, lambda regulation"
0x819E,1,HIGH,C_LAM_NEG_P_IS,77,77,"X","",0x8181,"Constants O2 sensors heating, lambda regulation"
0x819F,1,HIGH,C_LAM_POS_I_IS,5,5,"X","",0x8182,"Constants O2 sensors heating, lambda regulation"
0x81A0,1,HIGH,C_LAM_POS_P_IS,77,77,"X","",0x8183,"Constants O2 sensors heating, lambda regulation"
0x81A1,1,HIGH,C_LAM_SUM_P_IS,0,0,"X","",0x8185,"Constants O2 sensors heating, lambda regulation"
0x81A2,1,HIGH,C_LAM_TEMP_HYS_CAT_DLY,23,23,"X","",0x8188,"Constants Fuel Trim and Cat Purge Function"
0x81A3,1,HIGH,C_LAM_TEMP_MIN_CAT_DLY,108,108,"X","",0x8189,"Constants Fuel Trim and Cat Purge Function"
0x81A4,1,HIGH,C_LAM_TRA_FAC_DIAGCP,0,0,"X","",0x818A,"Constants Canister Purge Diagnosis"
0x81A5,1,HIGH,C_LGRD_TQR_DEC_DIAG,3,3,"X","",0x818B,"Constants Traction Control Function"
0x81A6,1,HIGH,C_LOAD_MIN_PERC_MAX_TH_DIAG,128,128,"X","",0x818C,"constants coolant thermostat diagnosis"
0x81A7,1,HIGH,C_LSHPWM_DIF_PUC,1,1,"X","",0x8192,"Constants O2 sensors heating, lambda regulation"
0x81A8,1,HIGH,C_LSHPWM_MIN_DIAG,0,0,"X","",0x819B,"Constants O2 sensors heating, lambda regulation"
0x81A9,1,MEDIUM,C_LSHPWM_MIN_LSH_DOWN_DIAG,26,26,"X","",0x819C,"Constants O2 sensors heating, lambda regulation"
0x81AA,1,MEDIUM,C_LSHPWM_T_FAC,64,64,"X","",0x819D,"Constants O2 sensors heating, lambda regulation"
0x81AB,1,MEDIUM,C_LSHPWM_T_FAC_CAT,90,90,"X","",0x819E,"Constants catalyst efficiency diagnosis"
0x81AC,1,HIGH,C_MAF_CRLC_INF,128,128,"X","",0x819F,"Constants Auxiliary functions"
0x81AD,1,HIGH,C_MAF_CRLC_IS,51,51,"X","",0x81A0,"Constants Auxiliary functions"
0x81AE,1,HIGH,C_MAF_DYW,18,18,"X","",0x81A1,"Constants lambda adaption"
0x81AF,1,HIGH,C_MAF_FAC_ALTI_CRLC,13,13,"X","",0x81A2,"Constants altitude correction"
0x81B0,1,HIGH,C_MAF_FAC_ALTI_DIF_MAX_PUC,3,3,"X","",0x81A3,"Constants altitude correction"
0x81B1,1,HIGH,C_MAF_FAC_ALTI_DIF_MIN_PUC,1,1,"X","",0x81A4,"Constants altitude correction"
0x81B2,1,HIGH,C_MAF_FAC_ALTI_IS_CP,64,64,"X","",0x81A5,"Constants Canister Purge"
0x81B3,1,HIGH,C_MAF_FAC_ALTI_MAX_DIAGCP,93,93,"X","",0x81A6,"Constants Canister Purge Diagnosis"
0x81B4,1,HIGH,C_MAF_FAC_ALTI_MAX_FSD,90,90,"X","",0x81A7,"Constants Fuel System Diagnosis"
0x81B5,1,HIGH,C_MAF_FAC_ALTI_MMV_MAX,141,141,"X","",0x81A8,"Constants altitude correction"
0x81B7,1,HIGH,C_MAF_FAC_ALTI_MMV_MIN,77,77,"X","",0x81A9,"Constants altitude correction"
0x81B8,1,CONFIRMED,C_MAF_MAX,101,550.152941176429,"X*5.447058823529","",0x81AA,"Constants Auxiliary functions"
0x81B9,1,HIGH,C_MAF_MAX_CAT,39,39,"X","",0x81AB,"Constants catalyst efficiency diagnosis"
0x81BA,1,HIGH,C_MAF_MAX_CAT_AT,46,46,"X","",0x81AC,"Constants catalyst efficiency diagnosis"
0x81BB,1,HIGH,C_MAF_MIS_FTP_MAX,55,55,"X","",0x81AD,"Constants Misfire detection"
0x81BC,1,HIGH,C_MAF_MAX_IS_DIAG,52,52,"X","",0x81AE,"Constants ISA Diagnosis"
0x81BF,1,MEDIUM,C_MAF_MIN_CAT_AT,18,18,"X","",0x81B3,"Constants catalyst efficiency diagnosis"
0x81C0,1,HIGH,C_MAF_MIN_HYS_COP,5,5,"X","",0x81B4,"Constants Catalyst protection"
0x81C1,1,MEDIUM,C_MAF_MIN_MAF_TPS_PLAUS_DIAG,255,255,"X","",0x81B5,"Constants Diagnosis"
0x81C2,1,HIGH,C_MAF_MIN_TI_AD_FSD,0,0,"X","",0x81B6,"Constants Fuel System Diagnosis"
0x81C3,1,HIGH,C_MAF_MMV_CRLC_DIAGCP,5,5,"X","",0x81B9,"Constants Canister Purge Diagnosis"
0x81C4,1,HIGH,C_MAF_MMV_DIF_CRLC,3,3,"X","",0x81BA,"Constants Auxiliary functions"
0x81C5,1,HIGH,C_MAF_MMV_DIF_MIN_PU,41,41,"X","",0x81BB,"Constants PU, PUC, Instationar"
0x81C6,1,HIGH,C_MAF_VS_MIN_DIAG,40,40,"X","",0x81BC,"Constants Diagnosis"
0x81C7,1,HIGH,C_MAF_VS_MIN_DIAG_AT,40,40,"X","",0x81BD,"Constants Diagnosis"
0x81C8,1,HIGH,C_MAX_PRS_DYN_DIAGCP,30,30,"X","",0x81BE,"Constants Canister Purge Diagnosis"
0x81C9,1,HIGH,C_MAX_PWM_CPS,251,251,"X","",0x81BF,"Constants Power Stage Diagnosis"
0x81CA,1,HIGH,C_MAX_PWM_ISA,230,230,"X","",0x81C0,"Constants Power Stage Diagnosis"
0x81CB,1,HIGH,C_MAX_PWM_LSH_DOWN_1,253,253,"X","",0x81C1,"Constants Power Stage Diagnosis"
0x81CC,1,HIGH,C_MAX_PWM_LSH_DOWN_2,253,253,"X","",0x81C2,"Constants Power Stage Diagnosis"
0x81CD,1,HIGH,C_MAX_PWM_LSH_UP_1,253,253,"X","",0x81C3,"Constants Power Stage Diagnosis"
0x81CE,1,HIGH,C_MAX_PWM_LSH_UP_2,253,253,"X","",0x81C4,"Constants Power Stage Diagnosis"
0x81CF,1,HIGH,C_MAX_TIMEOUT_TCS1,200,200,"X","",0x81C5,"Constants CAN Bus Diagnosis"
0x81D0,1,HIGH,C_MAX_TIMEOUT_TCS2,200,200,"X","",0x81C6,"Constants CAN Bus Diagnosis"
0x81D1,1,HIGH,C_MAX_TIMEOUT_TCU1,10,10,"X","",0x81C7,"Constants CAN Bus Diagnosis"
0x820C,1,HIGH,C_MIN_PRS_DYN_DIAGCP,2,2,"X","",0x8201,"Constants Canister Purge Diagnosis"
0x820D,1,HIGH,C_MIN_PWM_CPS,5,5,"X","",0x8202,"Constants Power Stage Diagnosis"
0x820E,1,HIGH,C_MIN_PWM_ISA,26,26,"X","",0x8203,"Constants Power Stage Diagnosis"
0x820F,1,HIGH,C_MIN_PWM_LSH_DOWN_1,3,3,"X","",0x8204,"Constants Power Stage Diagnosis"
0x8210,1,HIGH,C_MIN_PWM_LSH_DOWN_2,3,3,"X","",0x8205,"Constants Power Stage Diagnosis"
0x8211,1,HIGH,C_MIN_PWM_LSH_UP_1,3,3,"X","",0x8206,"Constants Power Stage Diagnosis"
0x8212,1,HIGH,C_MIN_PWM_LSH_UP_2,3,3,"X","",0x8207,"Constants Power Stage Diagnosis"
0x8213,1,HIGH,C_MIS_MAX_NR_OFF_IV,2,2,"X","",0x8208,"Constants Misfire detection"
0x8214,1,HIGH,C_MIS_MIN_NR_PUC,3,3,"X","",0x8209,"Constants Misfire detection"
0x8215,1,HIGH,C_N_ACCIN_OFF,47,47,"X","",0x820A,"Constants Auxiliary functions"
0x8216,1,HIGH,C_N_AD_DYW_IS,50,50,"X","",0x820B,"Constants ISAPWM"
0x8217,1,HIGH,C_N_DIF_CRLC,20,20,"X","",0x820C,"Constants idle speed regulation"
0x8218,1,HIGH,C_N_DIF_FAC,160,160,"X","",0x820D,"Constants idle speed regulation"
0x8219,1,CONFIRMED,C_N_FCUT,125,4000,"X*32","",0x820E,"Constants N / VS limitations"
0x821A,1,HIGH,C_N_HYS_MAX_PUC,16,16,"X","",0x820F,"Constants AE, PUR, PUC"
0x821B,1,HIGH,C_N_HYS_MIN_PUC,6,6,"X","",0x8210,"Constants AE, PUR, PUC"
0x821C,1,HIGH,C_N_HYS_PUC_ST,219,219,"X","",0x8211,"Constants AE, PUR, PUC"
0x821D,1,HIGH,C_N_HYS_VIM,0,0,"X","",0x8212,"Constants VIM"
0x821E,1,HIGH,C_N_HYS_VIM_1,0,0,"X","",0x8213,"Constants VIM"
0x821F,1,HIGH,C_N_HYS_VIM_2,0,0,"X","",0x8214,"Constants VIM"
0x8220,1,HIGH,C_N_LAM_DLY_P_MAX,0,0,"X","",0x8215,"Constants Fuel Trim and Cat Purge Function"
0x8221,1,HIGH,C_N_LAM_DLY_P_MIN,0,0,"X","",0x8216,"Constants Fuel Trim and Cat Purge Function"
0x8222,1,CONFIRMED,C_N_MAX,213,6816,"X*32","",0x8217,"Constants N / VS limitations"
0x8223,1,MEDIUM,C_N_MAX_AJ,156,156,"X","",0x8218,"Constants Basic functions, PL, FL"
0x8224,1,HIGH,C_N_MAX_BOL_ST,6,6,"X","",0x8219,"Constants ST, AST"
0x8225,1,HIGH,C_N_MAX_CAT,90,90,"X","",0x821A,"Constants catalyst efficiency diagnosis"
0x8226,1,HIGH,C_N_MAX_CAT_AT,71,71,"X","",0x821B,"Constants catalyst efficiency diagnosis"
0x8227,1,HIGH,C_N_MAX_CRK_DIAG,94,94,"X","",0x821C,"Constants N / VS limitations"
0x8228,1,HIGH,C_N_MAX_ER,203,203,"X","",0x821D,"Constants Misfire detection"
0x8229,1,CONFIRMED,C_N_MAX_FCUT,87,2784,"X*32","",0x821E,"Constants N / VS limitations"
0x822A,1,HIGH,C_N_MIS_FTP_MAX,94,94,"X","",0x821F,"Constants Misfire detection"
0x822B,1,CONFIRMED,C_N_MAX_HYS,1,32,"X*32","",0x8220,"Constants N / VS limitations"
0x822C,1,CONFIRMED,C_N_MAX_HYS_MAX,10,320,"X*32","",0x8221,"Constants N / VS limitations"
0x822D,1,HIGH,C_N_MAX_IGA_TQR,255,255,"X","",0x8222,"Constants Traction Control Function"
0x822E,1,HIGH,C_N_MAX_INF,48,48,"X","",0x8223,"Constants Rewetting"
0x822F,1,MEDIUM,C_N_MAX_MAF_TPS_PLAUS_DIAG,0,0,"X","",0x8226,"Constants Diagnosis"
0x8230,1,CONFIRMED,C_N_MAX_MAX,216,6912,"X*32","",0x8227,"Constants N / VS limitations"
0x8231,1,HIGH,C_N_MAX_VLS_LIM,94,94,"X","",0x822A,"Constants Diagnosis"
0x8232,1,HIGH,C_N_MAX_VLS_LIM_AT,94,94,"X","",0x822B,"Constants Diagnosis"
0x8233,1,CONFIRMED,C_N_MAX_VS_DIAG,160,160,"X","",0x822C,"Constants N / VS limitations"
0x8234,1,HIGH,C_N_MIN_AJ,25,25,"X","",0x822D,"Constants Basic functions, PL, FL"
0x8235,1,HIGH,C_N_MIN_CAN_DIAG,8,8,"X","",0x822E,"Constants CAN Bus Diagnosis"
0x8236,1,MEDIUM,C_N_MIN_CAT,31,31,"X","",0x822F,"Constants catalyst efficiency diagnosis"
0x8237,1,MEDIUM,C_N_MIN_CAT_AT,31,31,"X","",0x8230,"Constants catalyst efficiency diagnosis"
0x8238,1,HIGH,C_N_MIN_DHP,22,22,"X","",0x8231,"Constants AE, PUR, PUC"
0x8239,1,HIGH,C_N_MIN_ER,17,17,"X","",0x8232,"Constants Misfire detection"
0x823A,1,HIGH,C_N_MIN_FL,0,0,"X","",0x8233,"Constants basic functions, FL"
0x823B,1,HIGH,C_N_MIN_KNK_DIAG,56,56,"X","",0x8234,"Constants Diagnosis"
0x823C,1,HIGH,C_N_MIN_LGRD_PU,125,125,"X","",0x8235,"Constants PU, PUC, Instationar"
0x823D,1,HIGH,C_N_MIN_MAF_KGH_DIAG,255,255,"X","",0x8238,"Constants Diagnosis"
0x823E,1,MEDIUM,C_N_MIN_MAF_TPS_PLAUS_DIAG,255,255,"X","",0x8239,"Constants Diagnosis"
0x823F,1,HIGH,C_N_MIN_PUC_DIAG,63,63,"X","",0x823A,"Constants ISA Diagnosis"
0x8240,1,HIGH,C_N_MIN_TI_AD_FSD,0,0,"X","",0x823B,"Constants Fuel System Diagnosis"
0x8241,1,HIGH,C_N_SEG_T_AD_MAX_ER,94,94,"X","",0x823E,"Constants Misfire detection"
0x8242,1,HIGH,C_N_SEG_T_AD_MIN_ER,63,63,"X","",0x823F,"Constants Misfire detection"
0x8243,1,HIGH,C_N_SP_DRI_LGRD_IS,10,10,"X","",0x8240,"Constants idle speed regulation"
0x8245,1,MEDIUM,C_N_THD_SECU_1_IMOB,31,31,"X","",0x8241,"Constants Immobilizer"
0x8246,1,HIGH,C_N_THD_SECU_3_IMOB,17,17,"X","",0x8242,"Constants Immobilizer"
0x8247,1,HIGH,C_N_THD_SECU_4_IMOB,31,31,"X","",0x8243,"Constants Immobilizer"
0x8248,1,HIGH,C_N_THD_T_MES_AJ,0,0,"X","",0x8244,"Constants Basic functions, PL, FL"
0x8249,1,HIGH,C_N_VS_MAX_HYS_DIAG,19,19,"X","",0x8245,"Constants Diagnosis"
0x824A,1,HIGH,C_N_VS_MIN_DIAG,63,63,"X","",0x8246,"Constants Diagnosis"
0x824B,1,HIGH,C_N_VS_MIN_DIAG_AT,63,63,"X","",0x8247,"Constants Diagnosis"
0x824C,1,HIGH,C_NL_CRLC,16,16,"X","",0x8248,"Constants knock adaption 1, 2 and KNK"
0x824D,1,HIGH,C_NL_CRLC_TRA,53,53,"X","",0x8249,"Constants knock adaption 1, 2 and KNK"
0x824E,1,HIGH,C_NL_FAC_CRLC,82,82,"X","",0x824A,"Constants knock adaption 1, 2 and KNK"
0x824F,1,HIGH,C_NL_FAC_MMV_MAX,253,253,"X","",0x824B,"Constants knock adaption 1, 2 and KNK"
0x8250,1,HIGH,C_NL_FAC_MMV_MIN,39,39,"X","",0x824C,"Constants knock adaption 1, 2 and KNK"
0x8251,1,HIGH,C_NL_MAX,75,75,"X","",0x824D,"Constants knock adaption 1, 2 and KNK"
0x8252,1,HIGH,C_NR_FTL_REF_INI,6,6,"X","",0x824E,"Constants for FTL"
0x8254,1,MEDIUM,C_PUC_PERC_MAX_TH_DIAG,51,51,"X","",0x8250,"constants coolant thermostat diagnosis"
0x825A,1,MEDIUM,C_R_MAX_LSH_DIAG,3,3,"X","",0x8251,"Constants O2 sensors heating, lambda regulation"
0x825B,1,MEDIUM,C_R_MIN_LSH_DIAG,253,253,"X","",0x8252,"Constants O2 sensors heating, lambda regulation"
0x825C,1,HIGH,C_RLSH_DOWN_OFS,3,3,"X","",0x8253,"Constants O2 sensors heating, lambda regulation"
0x825D,1,HIGH,C_SEG_CAM_LIH_DIAG,48,48,"X","",0x8254,"Constants CRK/CAM Diagnosis"
0x825E,1,HIGH,C_SEG_DLY_MAF_DIAG,20,20,"X","",0x8255,"Constants Diagnosis"
0x825F,1,HIGH,C_SEG_PUC_DLY_ER,100,100,"X","",0x8256,"Constants Misfire detection"
0x8260,1,HIGH,C_SEG_PUC_DLY_ER_AT,0,0,"X","",0x8257,"Constants Misfire detection"
0x8261,1,HIGH,C_SOI_CAM_DIAG,0,0,"X","",0x8258,"Constants basic functions, FL"
0x8262,1,HIGH,C_STOP_MAX_FSD,30,30,"X","",0x8259,"Constants Fuel System Diagnosis"
0x8263,1,HIGH,C_SUM_DC_READY,0,0,"X","",0x825C,"Constants Auxiliary functions"
0x8264,1,HIGH,C_SUM_LAM_PLAUS_MAX_DIAG,60,60,"X","",0x825D,"Constants Diagnosis"
0x8265,1,HIGH,C_SUM_MAF_TPS_PLAUS_MAX,110,110,"X","",0x825E,"Constants Diagnosis"
0x8266,1,HIGH,C_SUM_MAF_TPS_PLAUS_MAX_DIAG,70,70,"X","",0x825F,"Constants Diagnosis"
0x8267,1,HIGH,C_SUM_STATE_MAX,255,255,"X","",0x8260,"Constants Canister Purge"
0x8268,1,HIGH,C_SUM_TRIG_AJ,10,10,"X","",0x8261,"Constants Basic functions, PL, FL"
0x826A,1,HIGH,C_T_1_DIAGCP,50,50,"X","",0x8262,"Constants Canister Purge Diagnosis"
0x826B,1,HIGH,C_T_1_DIF_DIAGCP,5,5,"X","",0x8263,"Constants Canister Purge Diagnosis"
0x826C,1,HIGH,C_T_2_DIAGCP,40,40,"X","",0x8264,"Constants Canister Purge Diagnosis"
0x826D,1,HIGH,C_T_2_DIF_DIAGCP,10,10,"X","",0x8265,"Constants Canister Purge Diagnosis"
0x826E,1,HIGH,C_T_ACCIN_FAC_INC,20,20,"X","",0x8266,"Constants ISA"
0x826F,1,HIGH,C_T_ACCIN_FAC_ON,255,255,"X","",0x8267,"Constants ISA"
0x8270,1,HIGH,C_T_ACCOUT_ST_ACT,20,20,"X","",0x8268,"Constants Auxiliary functions"
0x8271,1,HIGH,C_T_CLOSE_CPS_DIAGCP,5,5,"X","",0x8269,"Constants Canister Purge Diagnosis"
0x8276,1,HIGH,C_T_DIF_FTL_MMV,100,100,"X","",0x826A,"Constants for FTL"
0x8277,1,HIGH,C_T_DLY_AD_FAC,255,255,"X","",0x826B,"Constants catalyst efficiency diagnosis"
0x8278,1,HIGH,C_T_DLY_CLOSE_SOV_DIAGCP,35,35,"X","",0x826C,"Constants Canister Purge Diagnosis"
0x8279,1,HIGH,C_T_DLY_COR_BEG_DIAGCP,3,3,"X","",0x826D,"Constants Canister Purge Diagnosis"
0x827B,1,HIGH,C_T_DLY_DIAG_ASR,0,0,"X","",0x826E,"Constants Traction Control Function"
0x827C,1,HIGH,C_T_DLY_DRI,255,255,"X","",0x826F,"Constants idle speed regulation in drive"
0x827D,1,HIGH,C_T_DLY_FTL_STUCK_DIAG,30,30,"X","",0x8270,"Constants for FTL"
0x8282,1,MEDIUM,C_T_DLY_LAM_TQR,20,20,"X","",0x8271,"Constants Traction Control Function"
0x8284,1,MEDIUM,C_T_DLY_LSH_PHA_MAX_RATE,240,240,"X","",0x8272,"Constants Diagnosis"
0x8285,1,HIGH,C_T_DLY_MIN_CAN_DIAG,50,50,"X","",0x8273,"Constants CAN Bus Diagnosis"
0x8286,1,HIGH,C_T_DLY_RLY_MAIN_DIAG,5,5,"X","",0x8274,"Constants Diagnosis"
0x8287,1,HIGH,C_T_DLY_SECU_2_IMOB,10,10,"X","",0x8275,"Constants Immobilizer"
0x8288,1,HIGH,C_T_DLY_SECU_3_IMOB,255,255,"X","",0x8276,"Constants Immobilizer"
0x8289,1,HIGH,C_T_DLY_TCO_SUB,22,22,"X","",0x8277,"Constants Diagnosis"
0x828F,1,MEDIUM,C_T_DLY_VB_DOWN,100,100,"X","",0x8278,"Constants idle speed change for VB compensation"
0x8290,1,MEDIUM,C_T_DLY_VB_UP,100,100,"X","",0x8279,"Constants idle speed change for VB compensation"
0x8291,1,MEDIUM,C_T_DLY_VLS_LIM,20,20,"X","",0x827A,"Constants Diagnosis"
0x8292,1,HIGH,C_T_IGK_VB_IMOB,255,255,"X","",0x827B,"Constants Immobilizer"
0x8293,1,HIGH,C_T_INI_IMOB,13,13,"X","",0x827C,"Constants Immobilizer"
0x8294,1,HIGH,C_T_ISA_OPEN_DLY,4,4,"X","",0x827D,"Constants ISA"
0x8295,1,HIGH,C_T_ISAPWM_DIAG,40,40,"X","",0x827E,"Constants ISA Diagnosis"
0x8299,1,MEDIUM,C_T_LAM_MAX_STATE,50,50,"X","",0x827F,"Constants Canister Purge"
0x829D,1,MEDIUM,C_T_LAM_MAX_STATE_FL,1,1,"X","",0x8280,"Constants Canister Purge"
0x82A5,1,HIGH,C_T_OFF_CFA_ST,3,3,"X","",0x8287,"Constants CFA"
0x82A6,1,HIGH,C_T_OPEN_SOV_DIAGCP,50,50,"X","",0x8288,"Constants Canister Purge Diagnosis"
0x82A7,1,HIGH,C_T_RLY_MAIN_DIAG,10,10,"X","",0x828A,"Constants Diagnosis"
0x82A8,1,HIGH,C_T_RTD_DEC_2_CFA,0,0,"X","",0x828B,"Constants CFA 2 speed control"
0x82A9,1,HIGH,C_T_RTD_DEC_3_CFA,0,0,"X","",0x828C,"Constants CFA 3 speed control"
0x82AA,1,HIGH,C_T_RTD_INC_2_0_CFA,3,3,"X","",0x828D,"Constants CFA 2 speed control"
0x82AB,1,HIGH,C_T_RTD_INC_2_1_CFA,3,3,"X","",0x828E,"Constants CFA 2 speed control"
0x82AC,1,HIGH,C_T_RTD_INC_3_0_CFA,3,3,"X","",0x828F,"Constants CFA 3 speed control"
0x82AD,1,HIGH,C_T_RTD_INC_3_1_CFA,3,3,"X","",0x8290,"Constants CFA 3 speed control"
0x82AE,1,HIGH,C_T_TAM1,255,255,"X","",0x8291,"Constants TAM calculation"
0x82AF,1,HIGH,C_T_TAM2,60,60,"X","",0x8292,"Constants TAM calculation"
0x82B0,1,HIGH,C_T_THD_RLY_MAIN_DIAG,8,8,"X","",0x8293,"Constants Diagnosis"
0x82B1,1,HIGH,C_T_THD_TWICE_KEY_ON_IMOB,50,50,"X","",0x8294,"Constants Immobilizer"
0x82B2,1,HIGH,C_T_VIM_FAC,128,128,"X","",0x8295,"Constants VIM"
0x82B5,1,MEDIUM,C_TAM_MIN_ACC_ST,40,40,"X","",0x8296,"Constants Auxiliary functions"
0x82B6,1,HIGH,C_TAM_MIN_DIAGCP,51,51,"X","",0x8297,"Constants Canister Purge Diagnosis"
0x82B7,1,HIGH,C_TAM_OFS,17,17,"X","",0x8298,"Constants TAM calculation"
0x82B8,1,HIGH,C_TCO_2_1_CFA,24,24,"X","",0x8299,"Constants CFA 2 speed control"
0x82B9,1,HIGH,C_TCO_2_2_CFA,189,189,"X","",0x829A,"Constants CFA 2 speed control"
0x82BA,1,HIGH,C_TCO_2_3_CFA,197,197,"X","",0x829B,"Constants CFA 2 speed control"
0x82BB,1,HIGH,C_TCO_2_4_CFA,207,207,"X","",0x829C,"Constants CFA 2 speed control"
0x82BC,1,HIGH,C_TCO_2_5_CFA,254,254,"X","",0x829D,"Constants CFA 2 speed control"
0x82BD,1,HIGH,C_TCO_2_6_CFA,254,254,"X","",0x829E,"Constants CFA 2 speed control"
0x82BE,1,HIGH,C_TCO_3_1_CFA,24,24,"X","",0x829F,"Constants CFA 3 speed control"
0x82BF,1,HIGH,C_TCO_3_2_CFA,184,184,"X","",0x82A0,"Constants CFA 3 speed control"
0x82C0,1,HIGH,C_TCO_3_3_CFA,194,194,"X","",0x82A1,"Constants CFA 3 speed control"
0x82C1,1,HIGH,C_TCO_3_4_CFA,204,204,"X","",0x82A2,"Constants CFA 3 speed control"
0x82C2,1,HIGH,C_TCO_5_CFA,217,217,"X","",0x82A3,"Constants CFA 3 speed control"
0x82C3,1,HIGH,C_TCO_ACCIN_AD_MIN_IS,164,164,"X","",0x82A4,"Constants ISAPWM"
0x82C4,1,HIGH,C_TCO_ACIN_CH_MAX,0,0,"X","",0x82A5,"Constants Basic functions, PL, FL"
0x82C5,1,HIGH,C_TCO_AD_MAX_IS,248,248,"X","",0x82A6,"Constants ISAPWM"
0x82C7,1,MEDIUM,C_TCO_AD_MIN_IS,164,164,"X","",0x82A8,"Constants ISAPWM"
0x82C9,1,HIGH,C_TCO_AE_RST,144,144,"X","",0x82AA,"Constants AE, PUR, PUC"
0x82CA,1,HIGH,C_TCO_DE_MAX_TH_DIAG,60,60,"X","",0x82AB,"constants coolant thermostat diagnosis"
0x82CB,1,HIGH,C_TCO_DIAG,157,157,"X","",0x82AC,"Constants Diagnosis"
0x82CC,1,HIGH,C_TCO_DIF_MAX_REST,4,4,"X","",0x82AD,"Constants ST, AST"
0x82CE,1,HIGH,C_TCO_DLY_PUC_MIN,157,157,"X","",0x82AE,"Constants Fuel Trim and Cat Purge Function"
0x82CF,1,HIGH,C_TCO_DRI_2,254,254,"X","",0x82AF,"Constants idle speed regulation in drive"
0x82D0,1,HIGH,C_TCO_DRI_CH_MAX,0,0,"X","",0x82B0,"Constants Basic functions, PL, FL"
0x82D1,1,HIGH,C_TCO_DRI_MIN_AE,144,144,"X","",0x82B1,"Constants AE, PUR, PUC"
0x82D2,1,HIGH,C_TCO_GRD_MAX_DIAG,7,7,"X","",0x82B2,"Constants Auxiliary functions"
0x82D3,1,HIGH,C_TCO_HYS_2_1_CFA,5,5,"X","",0x82B3,"Constants CFA 2 speed control"
0x82D4,1,HIGH,C_TCO_HYS_2_2_CFA,5,5,"X","",0x82B4,"Constants CFA 2 speed control"
0x82D5,1,HIGH,C_TCO_HYS_2_3_CFA,5,5,"X","",0x82B5,"Constants CFA 2 speed control"
0x82D6,1,HIGH,C_TCO_HYS_3_1_CFA,6,6,"X","",0x82B6,"Constants CFA 3 speed control"
0x82D7,1,HIGH,C_TCO_HYS_3_2_CFA,6,6,"X","",0x82B7,"Constants CFA 3 speed control"
0x82D8,1,HIGH,C_TCO_HYS_3_3_CFA,6,6,"X","",0x82B8,"Constants CFA 3 speed control"
0x82D9,1,MEDIUM,C_TCO_HYS_CFA,4,4,"X","",0x82B9,"Constants CFA 2 speed control"
0x82DA,1,MEDIUM,C_TCO_IGC_DUR_MIN_DIAG,254,254,"X","",0x82BA,"Constants Spark advance diagnosis"
0x82DB,1,HIGH,C_TCO_MAF_ALTI_MIN,171,171,"X","",0x82BB,"Constants altitude correction"
0x82DC,1,HIGH,C_TCO_MAX_DIAG,248,248,"X","",0x82BC,"Constants Diagnosis"
0x82DD,1,HIGH,C_TCO_MAX_DRI,254,254,"X","",0x82BD,"Constants ISA/Time delay to apply DRIVE corr."
0x82DE,1,HIGH,C_TCO_MAX_IGA_GS,254,254,"X","",0x82BE,"Constants Traction Control Function"
0x82DF,1,HIGH,C_TCO_MAX_MPL,117,117,"X","",0x82BF,"Constants ST/AST"
0x82E0,1,HIGH,C_TCO_MAX_TIPR_SEQ,0,0,"X","",0x82C0,"Constants ST, AST"
0x82E2,1,MEDIUM,C_TCO_MES_GRD_MAX_DIAG,79,79,"X","",0x82C1,"Constants Auxiliary functions"
0x82E3,1,HIGH,C_TCO_MIN_AJ,64,64,"X","",0x82C2,"Constants Basic functions, PL, FL"
0x82E4,1,HIGH,C_TCO_MIN_CAT,157,157,"X","",0x82C3,"Constants catalyst efficiency diagnosis"
0x82E5,1,HIGH,C_TCO_MIN_CO_IS,171,171,"X","",0x82C4,"Constants IS"
0x82E6,1,HIGH,C_TCO_MIN_CP,147,147,"X","",0x82C5,"Constants Canister Purge"
0x82E7,1,HIGH,C_TCO_MIN_DIAG,13,13,"X","",0x82C6,"Constants Diagnosis"
0x82E8,1,HIGH,C_TCO_MIN_FL,0,0,"X","",0x82C7,"Constants basic functions, FL"
0x82E9,1,HIGH,C_TCO_MIN_FSD,144,144,"X","",0x82C8,"Constants Fuel System Diagnosis"
0x82EA,1,MEDIUM,C_TCO_MIN_LAM_LIM_DIAG,254,254,"X","",0x82C9,"Constants O2 sensors heating, lambda regulation"
0x82EB,1,HIGH,C_TCO_MIN_N_ASA,171,171,"X","",0x82CA,"Constants Nominal idle speed adj."
0x82EC,1,HIGH,C_TCO_MIN_PU,254,254,"X","",0x82CB,"Constants PU, PUC, Instationar"
0x82ED,1,HIGH,C_TCO_MIN_PUC_ST,145,145,"X","",0x82CC,"Constants AE, PUR, PUC"
0x82EE,1,HIGH,C_TCO_MIN_SCC,37,37,"X","",0x82CD,"Constants Traction Control Function"
0x82EF,1,HIGH,C_TCO_MIN_SCC_GS,254,254,"X","",0x82CE,"Constants Traction Control Function"
0x82F0,1,HIGH,C_TCO_N_MAX_FCUT,177,177,"X","",0x82D0,"Constants N / VS limitations"
0x82F1,1,HIGH,C_TCO_ON_CFA_ES,0,0,"X","",0x82D1,"Constants CFA"
0x82F2,1,HIGH,C_TCO_PAT_REAC_MIN,157,157,"X","",0x82D2,"Constants Cylinders shut-off pattern"
0x82F6,1,MEDIUM,C_TCO_PSTE_DIAG,254,254,"X","",0x82D3,"Constants Power Steering Load"
0x82F7,1,MEDIUM,C_TCO_ST_MAX_TH_DIAG,0,0,"X","",0x82D4,"constants coolant thermostat diagnosis"
0x82F8,1,HIGH,C_TCO_ST_MIN_DIAGCP,254,254,"X","",0x82D5,"Constants Canister Purge Diagnosis"
0x82F9,1,MEDIUM,C_TCO_ST_MIN_TH_DIAG,184,184,"X","",0x82D6,"constants coolant thermostat diagnosis"
0x82FA,1,HIGH,C_TCO_SUB_BOL_DIAG,91,91,"X","",0x82D7,"Constants Diagnosis"
0x82FB,1,HIGH,C_TCO_SUB_TOL_DIAG,211,211,"X","",0x82D8,"Constants Diagnosis"
0x82FC,1,HIGH,C_TCO_TH_OPEN,177,84.75,"0.75*X-48.0","",0x82D9,"constants coolant thermostat diagnosis"
0x82FE,1,HIGH,C_TCO_VB_N_SP_ADD,144,144,"X","",0x82DA,"Constants idle speed change for VB compensation"
0x82FF,1,HIGH,C_TCO_VS_MIN_DIAG,144,144,"X","",0x82DB,"Constants Diagnosis"
0x8300,1,HIGH,C_TCO_WUP_MIN_TH_DIAG,164,164,"X","",0x82DC,"constants coolant thermostat diagnosis"
0x8302,1,HIGH,C_TD_T_MPL,35,35,"X","",0x82DD,"Constants ST/AST"
0x8303,1,HIGH,C_TEMP_AT_DRI_2,255,255,"X","",0x82DE,"Constants idle speed regulation in drive"
0x8304,1,HIGH,C_TEMP_AT_MAX_DRI,255,255,"X","",0x82DF,"Constants ISA/Time delay to apply DRIVE corr."
0x8308,1,MEDIUM,C_TEMP_SUB_CAT_PUC,108,108,"X","",0x82E6,"Constants catalyst efficiency diagnosis"
0x8309,1,HIGH,C_TI_AD_COR_CRLC,13,13,"X","",0x82E7,"Constants lambda adaption"
0x830A,1,HIGH,C_TI_AD_COR_CRLC_CP,0,0,"X","",0x82E8,"Constants lambda adaption"
0x830B,1,HIGH,C_TI_AD_COR_CRLC_IS,26,26,"X","",0x82E9,"Constants lambda adaption"
0x830C,1,HIGH,C_TI_AD_COR_CRLC_LD,0,0,"X","",0x82EA,"Constants lambda adaption"
0x830D,1,HIGH,C_TI_MAF_AD_ADD_MAX,31,31,"X","",0x82EB,"Constants lambda adaption"
0x830E,1,HIGH,C_TI_MAF_AD_ADD_MAX_AT,31,31,"X","",0x82EC,"Constants lambda adaption"
0x830F,1,HIGH,C_TI_MAF_AD_FAC_MIN,28,28,"X","",0x82ED,"Constants lambda adaption"
0x8310,1,HIGH,C_TI_MAF_AD_FAC_MIN_AT,28,28,"X","",0x82EE,"Constants lambda adaption"
0x8311,1,HIGH,C_TI_TCO_AD_MIN,164,164,"X","",0x82EF,"Constants lambda adaption"
0x8312,1,HIGH,C_TI_TIA_AD_MAX,197,197,"X","",0x82F0,"Constants lambda adaption"
0x8314,1,MEDIUM,C_TIA_DE_MAX_TH_DIAG,2,2,"X","",0x82F1,"constants coolant thermostat diagnosis"
0x8315,1,HIGH,C_TIA_GRD_MAX_DIAG,27,27,"X","",0x82F2,"Constants Auxiliary functions"
0x8316,1,HIGH,C_TIA_MAX_DIAG,221,221,"X","",0x82F3,"Constants Diagnosis"
0x8317,1,HIGH,C_TIA_MIN_DIAG,13,13,"X","",0x82F4,"Constants Diagnosis"
0x831D,1,MEDIUM,C_TIA_ST_MIN_TH_DIAG,97,97,"X","",0x82F5,"constants coolant thermostat diagnosis"
0x831E,1,HIGH,C_TIA_SUB_BOL_DIAG,64,64,"X","",0x82F6,"Constants Diagnosis"
0x831F,1,HIGH,C_TIA_SUB_TOL_DIAG,144,144,"X","",0x82F7,"Constants Diagnosis"
0x8320,1,HIGH,C_TIA_TCO_DIAG,24,24,"X","",0x82F8,"Constants Diagnosis"
0x8322,1,MEDIUM,C_TIA_VB_N_SP_ADD,97,97,"X","",0x82F9,"Constants idle speed change for VB compensation"
0x8324,1,HIGH,C_TOIL_SUB_INI,84,84,"X","",0x82FB,"Constants Fuel System Diagnosis"
0x8325,1,HIGH,C_TPS_AD_CRLC,51,51,"X","",0x82FC,"Constants Auxiliary functions"
0x8326,1,HIGH,C_TPS_ADD,6,6,"X","",0x82FD,"Constants Auxiliary functions"
0x8327,1,MEDIUM,C_TPS_DYW_CAT,9,9,"X","",0x82FF,"Constants catalyst efficiency diagnosis"
0x8328,1,HIGH,C_TPS_GRD_ACCIN_OFF,13,13,"X","",0x8300,"Constants Auxiliary functions"
0x8329,1,HIGH,C_TPS_GRD_ADD_DIAG,4,4,"X","",0x8301,"Constants AE, PUR, PUC"
0x832A,1,HIGH,C_TPS_GRD_BOL_RPL,12,12,"X","",0x8302,"Constants rewetting after PUC in: PL"
0x832B,1,MEDIUM,C_TPS_GRD_DEC,9,9,"X","",0x8303,"Constants catalyst efficiency diagnosis"
0x832C,1,HIGH,C_TPS_GRD_DEC_SUM,50,50,"X","",0x8304,"Constants catalyst efficiency diagnosis"
0x832D,1,HIGH,C_TPS_GRD_MAX,53,53,"X","",0x8305,"Constants Auxiliary functions"
0x832E,1,HIGH,C_TPS_GRD_MIN_AJ_1,3,3,"X","",0x8306,"Constants Basic functions, PL, FL"
0x832F,1,HIGH,C_TPS_GRD_MIN_AJ_2,34,34,"X","",0x8307,"Constants Basic functions, PL, FL"
0x8330,1,HIGH,C_TPS_GRD_MIN_PU,9,9,"X","",0x8308,"Constants PU, PUC, Instationar"
0x8331,1,HIGH,C_TPS_HYS_FL,4,4,"X","",0x8309,"Constants Auxiliary functions"
0x8332,1,HIGH,C_TPS_HYS_VIM,0,0,"X","",0x830A,"Constants VIM"
0x8333,1,HIGH,C_TPS_HYS_VIM_1,0,0,"X","",0x830B,"Constants VIM"
0x8334,1,HIGH,C_TPS_HYS_VIM_2,0,0,"X","",0x830C,"Constants VIM"
0x8335,1,HIGH,C_TPS_IS,3,3,"X","",0x830D,"Constants IS"
0x8336,1,HIGH,C_TPS_MAF_ALTI_MIN,32,32,"X","",0x830E,"Constants altitude correction"
0x8337,1,HIGH,C_TPS_MAX_CAN,201,201,"X","",0x830F,"Constants IS"
0x8338,1,HIGH,C_TPS_MAX_IS,64,64,"X","",0x8310,"Constants Auxiliary functions"
0x8339,1,HIGH,C_TPS_MES_MAX_DIAG,249,249,"X","",0x8311,"Constants Diagnosis"
0x833A,1,HIGH,C_TPS_MES_MIN_DIAG,7,7,"X","",0x8312,"Constants Diagnosis"
0x833B,1,HIGH,C_TPS_MIN_MAF_KGH_DIAG,0,0,"X","",0x8313,"Constants Diagnosis"
0x833C,1,HIGH,C_TPS_SUB_DIAG,54,54,"X","",0x8314,"Constants Diagnosis"
0x833D,1,HIGH,C_TPS_THD_MIN_AJ,17,17,"X","",0x8315,"Constants Basic functions, PL, FL"
0x833E,1,HIGH,C_TPS_WOT_TPS_PWM,170,170,"X","",0x8316,"Constants IS"
0x833F,1,HIGH,C_TQ_INTV_REL_ERR_MAX,26,26,"X","",0x8317,"Constants Traction Control Function"
0x8340,1,HIGH,C_TQ_STND,33,33,"X","",0x8318,"Constants Traction Control Function"
0x8341,1,HIGH,C_TQFR_ADD_ACC_H,20,20,"X","",0x8319,"Constants Traction Control Function"
0x8342,1,HIGH,C_TQFR_ADD_ACC_L,15,15,"X","",0x831A,"Constants Traction Control Function"
0x8343,1,HIGH,C_TQR_HYS,3,3,"X","",0x831B,"Constants Traction Control Function"
0x8344,1,HIGH,C_V_FTL_MIN_DIAG,2,2,"X","",0x831D,"Constants for FTL"
0x8369,1,HIGH,C_VS_1_CFA,44,44,"X","",0x8349,"Constants CFA"
0x836A,1,HIGH,C_VS_2_CFA,45,45,"X","",0x834A,"Constants CFA"
0x836B,1,HIGH,C_VS_3_CFA,80,80,"X","",0x834B,"Constants CFA"
0x836C,1,HIGH,C_VS_ACCIN_OFF,10,10,"X","",0x834C,"Constants Auxiliary functions"
0x836D,1,HIGH,C_VS_DIF_MAX_LEARN,35,35,"X","",0x834D,"Constants Auxiliary functions"
0x836E,1,HIGH,C_VS_HYS_1_CFA,5,5,"X","",0x834E,"Constants CFA"
0x836F,1,HIGH,C_VS_HYS_2_CFA,5,5,"X","",0x834F,"Constants CFA"
0x8370,1,CONFIRMED,C_VS_MAX_0,250,250,"X","",0x8350,"Constants N / VS limitations"
0x8371,1,CONFIRMED,C_VS_MAX_1_2,250,250,"X","",0x8351,"Constants N / VS limitations"
0x8372,1,HIGH,C_VS_MAX_AJ,160,160,"X","",0x8352,"Constants Basic functions, PL, FL"
0x8373,1,HIGH,C_VS_MAX_CAT,120,120,"X","",0x8353,"Constants catalyst efficiency diagnosis"
0x8374,1,HIGH,C_VS_MAX_CYCNR,2,2,"X","",0x8354,"Constants N / VS limitations"
0x8375,1,HIGH,C_VS_MAX_DIAGCP,5,5,"X","",0x8355,"Constants Canister Purge Diagnosis"
0x8376,1,MEDIUM,C_VS_MAX_DTP_DIAG,255,255,"X","",0x8356,"Constants DTP Sensor"
0x8377,1,HIGH,C_VS_MAX_HYS,3,3,"X","",0x8357,"Constants N / VS limitations"
0x8378,1,HIGH,C_VS_MAX_PERC_MAX_TH_DIAG,231,231,"X","",0x835A,"constants coolant thermostat diagnosis"
0x8379,1,HIGH,C_VS_MAX_RR,120,120,"X","",0x835B,"Constants Misfire detection"
0x837A,1,HIGH,C_VS_MAX_TH_DIAG,140,140,"X","",0x835C,"constants coolant thermostat diagnosis"
0x837B,1,HIGH,C_VS_MIN_0,3,3,"X","",0x835D,"Constants Auxiliary functions"
0x837C,1,HIGH,C_VS_MIN_1_2,3,3,"X","",0x835E,"Constants Auxiliary functions"
0x837D,1,HIGH,C_VS_MIN_AJ,10,10,"X","",0x835F,"Constants Basic functions, PL, FL"
0x837E,1,MEDIUM,C_VS_MIN_CAT,30,30,"X","",0x8360,"Constants catalyst efficiency diagnosis"
0x837F,1,HIGH,C_VS_MIN_FL,0,0,"X","",0x8361,"Constants basic functions, FL"
0x8380,1,MEDIUM,C_VS_MIN_FTL_INTM,255,255,"X","",0x8362,"Constants for FTL"
0x8381,1,HIGH,C_VS_MIN_LEARN,5,5,"X","",0x8363,"Constants Auxiliary functions"
0x8384,1,MEDIUM,C_VS_MIN_PERC_MAX_TH_DIAG,200,200,"X","",0x8365,"constants coolant thermostat diagnosis"
0x8385,1,HIGH,C_VS_MIN_PL_DIAGCP,30,30,"X","",0x8366,"Constants Canister Purge Diagnosis"
0x8386,1,HIGH,C_VS_MIN_RR,10,10,"X","",0x8367,"Constants Misfire detection"
0x8387,1,HIGH,C_VS_MIN_TH_DIAG,40,40,"X","",0x8368,"constants coolant thermostat diagnosis"
0x8389,1,MEDIUM,C_VS_MIN_VB_DIAG,255,255,"X","",0x8369,"Battery Voltage Diagnosis"
0x838A,1,HIGH,C_VS_MIN_VIM,0,0,"X","",0x836A,"Constants VIM"
0x838B,1,HIGH,C_VS_PSTE_DIAG,100,100,"X","",0x836B,"Constants Power Steering Load"
0x838C,1,HIGH,C_VS_TAM_MIN,50,50,"X","",0x836C,"Constants TAM calculation"
0x83A8,1,HIGH,C_VS_THD_SECU_1_IMOB,0,0,"X","",0x836D,"Constants Immobilizer"
0x83A9,1,MEDIUM,C_VS_THD_SECU_2_IMOB,0,0,"X","",0x836E,"Constants Immobilizer"
0x83AA,2,HIGH,C_ACCOUT_DLY_ER,50,50,"X","",0x8388,"Constants Misfire detection"
0x83AC,2,HIGH,C_CAT_DIAG_MAX_DLY,10240,10240,"X","",0x838A,"Constants Fuel Trim and Cat Purge Function"
0x83AE,2,HIGH,C_CLOSE_CPS_LGRD_DIAGCP,131,131,"X","",0x838C,"Constants Canister Purge Diagnosis"
0x83B0,2,HIGH,C_CPPWM_DEC_LGRD_DIAGCP,32,32,"X","",0x838E,"Constants Canister Purge Diagnosis"
0x83B2,2,HIGH,C_CPPWM_DIAGCP,15722,15722,"X","",0x8390,"Constants Canister Purge Diagnosis"
0x83B4,2,HIGH,C_CPPWM_INC_LGRD_DIAGCP,1280,1280,"X","",0x8392,"Constants Canister Purge Diagnosis"
0x83B6,2,HIGH,C_CRK_DIF_MAX_ER,327,327,"X","",0x8394,"Constants Misfire detection"
0x83B8,2,HIGH,C_CRK_MIS_SEG_MAX_OSC,9,9,"X","",0x8396,"Constants Crankshaft Oscillation"
0x83BC,2,MEDIUM,C_CRLC_CAT_CH,1180,1180,"X","",0x8398,"Constants catalyst efficiency diagnosis"
0x83BE,2,HIGH,C_CRLC_TI_CO_IS,32768,32768,"X","",0x839A,"Constants IS"
0x83C0,2,HIGH,C_CTR_DLY_FTL_DIAG,2000,2000,"X","",0x839C,"Constants for FTL"
0x83C8,2,MEDIUM,C_CTR_KM_MAX_FTL_STUCK,5,5,"X","",0x839E,"Constants for FTL"
0x83CA,2,HIGH,C_CYCNR_HYS_PUC,1000,1000,"X","",0x83A0,"Constants AE, PUR, PUC"
0x83CC,2,HIGH,C_CYCNR_HYS_PUC_ST,10000,10000,"X","",0x83A2,"Constants AE, PUR, PUC"
0x83CE,2,HIGH,C_DIAGCP_MDL_BAS_1_MIN,1684,1684,"X","",0x83A4,"Constants Canister Purge Diagnosis"
0x83D0,2,HIGH,C_DIAGCP_MDL_BAS_2_MAX,2807,2807,"X","",0x83A6,"Constants Canister Purge Diagnosis"
0x83D2,2,HIGH,C_DIAGCP_MDL_BAS_DIF_R_MAX,115,115,"X","",0x83A8,"Constants Canister Purge Diagnosis"
0x83D4,2,HIGH,C_DIAGCP_MDL_BAS_DIF_R_MIN,50,50,"X","",0x83AA,"Constants Canister Purge Diagnosis"
0x83D6,2,MEDIUM,C_DIAGCP_MDL_BAS_MAX,5613,5613,"X","",0x83AC,"Constants Canister Purge Diagnosis"
0x83D8,2,HIGH,C_DIAGCP_MDL_BAS_MIN,2806,2806,"X","",0x83AE,"Constants Canister Purge Diagnosis"
0x83DA,2,HIGH,C_DLY_ER_RR,50,50,"X","",0x83B0,"Constants Misfire detection"
0x83DC,2,HIGH,C_DLY_ST_ER,1,1,"X","",0x83B2,"Constants Misfire detection"
0x83E6,2,MEDIUM,C_FAC_CP_LD_MAX,512,512,"X","",0x83B4,"Constants Canister Purge"
0x83EC,2,HIGH,C_FAC_MAF_TPS_PLAUS_MAX_DIAG,333,333,"X","",0x83B6,"Constants Diagnosis"
0x83EE,2,HIGH,C_FAC_MAF_TPS_PLAUS_MIN_DIAG,128,128,"X","",0x83B8,"Constants Diagnosis"
0x83F0,2,HIGH,C_FCO_FAC_2,13672,13672,"X","",0x83BA,"Constants Auxiliary functions"
0x83F6,2,HIGH,C_FTL_MMV_DIF_NEG_DIAG,3277,3277,"X","",0x83BC,"Constants for FTL"
0x83F8,2,HIGH,C_FTL_MMV_DIF_POS_DIAG,3277,3277,"X","",0x83BE,"Constants for FTL"
0x83FA,2,HIGH,C_IGA_LGRD_1,546,546,"X","",0x83C0,"Constants Basic functions, PL, FL"
0x83FC,2,HIGH,C_IGA_LGRD_2,546,546,"X","",0x83C2,"Constants Basic functions, PL, FL"
0x83FE,2,HIGH,C_IGA_LGRD_3,1024,1024,"X","",0x83C4,"Constants Basic functions, PL, FL"
0x8402,2,HIGH,C_IGA_LGRD_CH,683,683,"X","",0x83C6,"Constants Basic functions, PL, FL"
0x8404,2,HIGH,C_IGA_LGRD_PL_IS,68,68,"X","",0x83C8,"Constants IS"
0x8406,2,HIGH,C_IGA_N_LGRD,1792,1792,"X","",0x83CA,"Constants Basic functions, PL, FL"
0x8408,2,HIGH,C_ISAPWM_ACCIN_AD_MAX_IS,9830,9830,"X","",0x83CC,"Constants ISAPWM"
0x840A,2,HIGH,C_ISAPWM_ACIN_DRI_2_LGRD_DEC,52,52,"X","",0x83CE,"Constants ISA"
0x840C,2,HIGH,C_ISAPWM_ACIN_DRI_2_LGRD_INC,16,16,"X","",0x83D0,"Constants ISA"
0x840E,2,HIGH,C_ISAPWM_ACIN_LGRD_DEC,983,983,"X","",0x83D2,"Constants ISA"
0x8410,2,HIGH,C_ISAPWM_ACIN_LGRD_INC,1638,1638,"X","",0x83D4,"Constants ISA"
0x8412,2,HIGH,C_ISAPWM_ACIN_VB_LGRD_DEC,49,49,"X","",0x83D6,"Constants ISA"
0x8414,2,HIGH,C_ISAPWM_ACIN_VB_LGRD_INC,66,66,"X","",0x83D8,"Constants ISA"
0x8416,2,HIGH,C_ISAPWM_AD_MAX_IS,9830,9830,"X","",0x83DA,"Constants ISAPWM"
0x8418,2,HIGH,C_ISAPWM_ADD_ACIN_VB,1966,1966,"X","",0x83DC,"Constants ISA"
0x841A,2,HIGH,C_ISAPWM_DRI_2_LGRD_DEC,52,52,"X","",0x83DE,"Constants ISA"
0x841C,2,HIGH,C_ISAPWM_DRI_2_LGRD_INC,16,16,"X","",0x83E0,"Constants ISA"
0x841E,2,HIGH,C_ISAPWM_AD_DYW_IS,655,655,"X","",0x83E2,"Constants ISAPWM"
0x8420,2,HIGH,C_ISAPWM_I_ADD,1311,1311,"X","",0x83E4,"Constants idle speed regulation"
0x8422,2,HIGH,C_ISAPWM_ISA_MIN_MAF_KGH_DIAG,0,0,"X","",0x83E6,"Constants Diagnosis"
0x8424,2,HIGH,C_ISAPWM_MMV_DIAG,328,328,"X","",0x83E8,"Constants ISA Diagnosis"
0x8426,2,HIGH,C_ISAPWM_N_ADD_ON,0,0,"X","",0x83EA,"Constants idle speed regulation"
0x8428,2,HIGH,C_LAM_CRLC_MV_CAT,328,328,"X","",0x83EC,"Constants catalyst efficiency diagnosis"
0x842A,2,MEDIUM,C_LAM_CYCNR,100,100,"X","",0x83EE,"Constants O2 sensors heating, lambda regulation"
0x842C,2,HIGH,C_LAM_CYCNR_DIAG,6000,6000,"X","",0x83F0,"Constants Diagnosis"
0x842E,2,HIGH,C_LAM_DIF_MAX_CP_FSD,25559,25559,"X","",0x83F2,"Constants Fuel System Diagnosis"
0x8430,2,HIGH,C_LAM_DIF_MAX_TRA,36045,36045,"X","",0x83F4,"Constants Canister Purge"
0x8436,2,HIGH,C_LAM_MAX_PLAUS,45875,45875,"X","",0x83FC,"Constants Diagnosis"
0x8438,2,HIGH,C_LAM_MIN_CP,16384,16384,"X","",0x83FE,"Constants Canister Purge"
0x843A,2,HIGH,C_LAM_MIN_FSD,15073,15073,"X","",0x8400,"Constants Fuel System Diagnosis"
0x843E,2,HIGH,C_LAM_MIN_PLAUS,19661,19661,"X","",0x8402,"Constants Diagnosis"
0x8440,2,HIGH,C_LAM_MV_BEG_MAX,39322,39322,"X","",0x8404,"Constants Canister Purge"
0x8442,2,HIGH,C_LAM_MV_DIF_COR_MAX_CP,42598,42598,"X","",0x8406,"Constants Canister Purge"
0x8444,2,HIGH,C_LAM_MV_DIF_CP_DIAGCP,18350,18350,"X","",0x8408,"Constants Canister Purge Diagnosis"
0x8446,2,HIGH,C_LAM_MV_DIF_CP_MAX_DIAGCP,26214,26214,"X","",0x840A,"Constants Canister Purge Diagnosis"
0x8448,2,HIGH,C_LAM_MV_DIF_CP_MIN_DIAGCP,18350,18350,"X","",0x840C,"Constants Canister Purge Diagnosis"
0x844A,2,HIGH,C_LAM_MV_DYW_CAT,2621,2621,"X","",0x840E,"Constants catalyst efficiency diagnosis"
0x844C,2,HIGH,C_LAM_MV_MMV_DIF_CP,34079,34079,"X","",0x8410,"Constants Canister Purge"
0x844E,2,HIGH,C_LAM_TRA_STATE_MIN,15775,15775,"X","",0x8412,"Constants Canister Purge"
0x8450,2,HIGH,C_LGRD_ISA_PWL,3277,3277,"X","",0x8414,"Constants ISA"
0x8452,2,HIGH,C_LOAD_MIN_TH_DIAG,120,120,"X","",0x8416,"constants coolant thermostat diagnosis"
0x846C,2,MEDIUM,C_MAF_INT_PUC_MIN,0,0,"X","",0x842C,"Constants Fuel Trim and Cat Purge Function"
0x8470,2,MEDIUM,C_MAF_KGH_DIAG_INI,120,120,"X","",0x842E,"Constants Diagnosis"
0x847A,2,MEDIUM,C_MAF_KGH_INTM_MIN_DIAG,24,24,"X","",0x8430,"Constants Diagnosis"
0x84B6,2,MEDIUM,C_MAF_LAM_DLY_P_MAX,4800,4800,"X","",0x843C,"Constants Fuel Trim and Cat Purge Function"
0x84B8,2,HIGH,C_MAF_LAM_DLY_P_MIN,0,0,"X","",0x843E,"Constants Fuel Trim and Cat Purge Function"
0x84BA,2,MEDIUM,C_N_CRLC_CAT,256,256,"X","",0x8468,"Constants catalyst efficiency diagnosis"
0x84BC,2,MEDIUM,C_N_DIF_MAX_DIAG,1280,1280,"X","",0x846A,"Constants ISA Diagnosis"
0x84BE,2,MEDIUM,C_N_DIF_MAX_IS,10,10,"X","",0x846C,"Constants IS"
0x84C0,2,MEDIUM,C_N_DIF_MIN_DIAG,60000,60000,"X","",0x846E,"Constants ISA Diagnosis"
0x84C2,2,MEDIUM,C_N_DIF_MIN_IS,4915,4915,"X","",0x8470,"Constants idle speed regulation"
0x84C4,2,HIGH,C_N_DYW,400,400,"X","",0x8472,"Constants lambda adaption"
0x84C6,2,MEDIUM,C_N_SP_ADD_VB,9830,9830,"X","",0x8478,"Constants idle speed regulation"
0x84C8,2,MEDIUM,C_N_SP_T_CH,2900,2900,"X","",0x847A,"Constants idle speed regulation"
0x84CA,2,MEDIUM,C_NL_FAC_LGRD,1200,1200,"X","",0x847C,"Constants knock adaption 1, 2 and KNK"
0x84CC,2,MEDIUM,C_NL_MIN_DIAG,10,10,"X","",0x847E,"Constants knock adaption 1, 2 and KNK"
0x84CE,2,HIGH,C_SEG_T_AD_COR_DRV1_MAX_ER,100,100,"X","",0x8480,"Constants Misfire detection"
0x84D0,2,HIGH,C_SEG_T_AD_CRLC_ER,1316,1316,"X","",0x8482,"Constants Misfire detection"
0x84D2,2,MEDIUM,C_SUM_MV_MIN_CAT,100,100,"X","",0x8484,"Constants catalyst efficiency diagnosis"
0x84D4,2,HIGH,C_T_1_CP,2200,2200,"X","",0x8486,"Constants Canister Purge"
0x84D6,2,HIGH,C_T_1_PL_DIAGCP,200,200,"X","",0x8488,"Constants Canister Purge Diagnosis"
0x84D8,2,HIGH,C_T_2_CP,2600,2600,"X","",0x848A,"Constants Canister Purge"
0x84DA,2,HIGH,C_T_2_PL_DIAGCP,1500,1500,"X","",0x848C,"Constants Canister Purge Diagnosis"
0x84E2,2,HIGH,C_T_DLY_AD_MAX,43520,43520,"X","",0x8492,"Constants Fuel Trim and Cat Purge Function"
0x84E4,2,HIGH,C_T_DLY_AD_MIN,0,0,"X","",0x8494,"Constants Fuel Trim and Cat Purge Function"
0x84E8,2,HIGH,C_T_DLY_I_MAX,102,102,"X","",0x8496,"Constants Fuel Trim and Cat Purge Function"
0x84EA,2,HIGH,C_T_DLY_I_MIN,0,0,"X","",0x8498,"Constants Fuel Trim and Cat Purge Function"
0x84F2,2,HIGH,C_T_DTP_GRD_DIAGCP,36,36,"X","",0x849A,"Constants Canister Purge Diagnosis"
0x84F4,2,HIGH,C_T_EFP,10,10,"X","",0x849C,"Constants Auxiliary functions"
0x84F6,2,HIGH,C_T_GS_DLY_DIAG,65500,65500,"X","",0x849E,"Constants Traction Control Function"
0x84F8,2,HIGH,C_T_LAM_DLY_NEG_IS,0,0,"X","",0x84A0,"Constants O2 sensors heating, lambda regulation"
0x84FA,2,HIGH,C_T_LAM_DLY_POS_IS,0,0,"X","",0x84A2,"Constants O2 sensors heating, lambda regulation"
0x84FC,2,HIGH,C_T_MAX_AJ,10,10,"X","",0x84A4,"Constants Basic functions, PL, FL"
0x84FE,2,HIGH,C_T_MAX_COM_IMOB,150,150,"X","",0x84A6,"Constants Immobilizer"
0x8500,2,HIGH,C_T_MAX_COM_TOT_IMOB,1000,1000,"X","",0x84A8,"Constants Immobilizer"
0x8502,2,HIGH,C_T_MAX_DLY_ECU,120,120,"X","",0x84AA,"Constants Auxiliary functions"
0x8504,2,HIGH,C_T_MAX_ECU,8,8,"X","",0x84AC,"Constants Auxiliary functions"
0x8506,2,HIGH,C_T_MAX_GRD_2_ST_AJ,100,100,"X","",0x84AE,"Constants Basic functions, PL, FL"
0x8508,2,HIGH,C_T_MAX_IS,1,1,"X","",0x84B0,"Constants idle speed regulation"
0x850A,2,HIGH,C_T_MAX_REST,5000,5000,"X","",0x84B2,"Constants ST, AST"
0x850C,2,HIGH,C_T_MIN_D_ISA,300,300,"X","",0x84B4,"Constants idle speed regulation"
0x8510,2,HIGH,C_T_MIN_ECU_REST,1500,1500,"X","",0x84B6,"Constants ST, AST"
0x8512,2,HIGH,C_T_MIN_PL_CP_DTP_DIAG,300,300,"X","",0x84B8,"Constants DTP Sensor"
0x8514,2,HIGH,C_T_MIN_PL_DIAGCP,2450,2450,"X","",0x84BA,"Constants Canister Purge Diagnosis"
0x8516,2,HIGH,C_T_MIN_PL_DIAGCP_AT,2500,2500,"X","",0x84BC,"Constants Canister Purge Diagnosis"
0x8518,2,HIGH,C_T_MIN_RIS,20,20,"X","",0x84BE,"Constants idle speed regulation"
0x851A,2,HIGH,C_T_MIS_MIN_PUC,5,5,"X","",0x84C0,"Constants Misfire detection"
0x851C,2,HIGH,C_T_N_MAX_FCUT,4200,4200,"X","",0x84C2,"Constants N / VS limitations"
0x851E,2,HIGH,C_T_OFF_CFA_ST_1,30,30,"X","",0x84C4,"Constants CFA"
0x8520,2,HIGH,C_T_PSTE_DIAG,255,255,"X","",0x84C8,"Constants Power Steering Load"
0x8522,2,HIGH,C_T_SUM_MAX_MAX_FSD,15000,15000,"X","",0x84CA,"Constants Fuel System Diagnosis"
0x8524,2,HIGH,C_T_SUM_MIN_MAX_FSD,20000,20000,"X","",0x84CC,"Constants Fuel System Diagnosis"
0x8526,2,HIGH,C_T_SUM_RST_MAX_FSD,40000,40000,"X","",0x84CE,"Constants Fuel System Diagnosis"
0x8528,2,HIGH,C_T_TCO_DE_TH_DIAG,16,16,"X","",0x84D0,"constants coolant thermostat diagnosis"
0x852A,2,HIGH,C_T_TCO_SUB_IS_1,80,80,"X","",0x84D2,"Constants Diagnosis"
0x852C,2,HIGH,C_T_TCO_SUB_IS_2,240,240,"X","",0x84D4,"Constants Diagnosis"
0x852E,2,HIGH,C_T_TCO_SUB_PUC,40,40,"X","",0x84D6,"Constants Diagnosis"
0x8532,2,MEDIUM,C_T_TIA_TCO_DIAG,2500,2500,"X","",0x84D8,"Constants Diagnosis"
0x8548,2,HIGH,C_TEG_FAC_IGA,1573,1573,"X","",0x84E8,"Constants Traction Control Function"
0x854A,2,HIGH,C_TEG_MAX,13600,13600,"X","",0x84EA,"Constants Traction Control Function"
0x8550,2,HIGH,C_TEG_THD_1,12000,12000,"X","",0x84EC,"Constants Traction Control Function"
0x8552,2,HIGH,C_TEG_THD_2,12800,12800,"X","",0x84EE,"Constants Traction Control Function"
0x855A,2,MEDIUM,C_TEMP_MIN_VLS_LIM,6400,6400,"X","",0x84F0,"Constants Diagnosis"
0x8568,2,HIGH,C_TI_AD_ADD_MAX,32893,32893,"X","",0x84F2,"Constants lambda adaption"
0x856A,2,HIGH,C_TI_AD_ADD_MIN,32643,32643,"X","",0x84F4,"Constants lambda adaption"
0x856C,2,HIGH,C_TI_AD_FAC_MAX,49152,49152,"X","",0x84F6,"Constants lambda adaption"
0x856E,2,HIGH,C_TI_AD_FAC_MAX_FSD,47841,47841,"X","",0x84F8,"Constants Fuel System Diagnosis"
0x8570,2,HIGH,C_TI_AD_FAC_MIN,16384,16384,"X","",0x84FA,"Constants lambda adaption"
0x8572,2,HIGH,C_TI_AD_FAC_MIN_FSD,17695,17695,"X","",0x84FC,"Constants Fuel System Diagnosis"
0x8574,2,HIGH,C_TI_COP_COR,205,205,"X","",0x84FE,"Constants Catalyst protection"
0x8576,2,HIGH,C_TI_COP_INC,208,208,"X","",0x8500,"Constants Catalyst protection"
0x8578,2,HIGH,C_TI_MAF_AD_MAX,1000,1000,"X","",0x8502,"Constants lambda adaption"
0x857A,2,HIGH,C_TI_MIN,250,250,"X","",0x8504,"Constants basic functions, FL"
0x857C,2,HIGH,C_TI_N_AD_ADD_MAX,900,900,"X","",0x8506,"Constants lambda adaption"
0x857E,2,HIGH,C_TI_N_AD_ADD_MAX_AT,900,900,"X","",0x8508,"Constants lambda adaption"
0x8580,2,HIGH,C_TI_N_AD_FAC_MIN,1400,1400,"X","",0x850A,"Constants lambda adaption"
0x8582,2,HIGH,C_TI_N_AD_FAC_MIN_AT,1400,1400,"X","",0x850C,"Constants lambda adaption"
0x8584,2,HIGH,C_TI_T_AD_1,600,600,"X","",0x850E,"Constants Canister Purge"
0x8586,2,HIGH,C_TI_VS_MAX_COR,205,205,"X","",0x8510,"Constants N / VS limitations"
0x8588,2,HIGH,C_TOIL_SUB_CRLC,131,131,"X","",0x8512,"Constants Fuel System Diagnosis"
0x858A,2,HIGH,C_TPS_CRLC_CAT,393,393,"X","",0x8514,"Constants catalyst efficiency diagnosis"
0x858C,2,HIGH,C_TPS_GRD_DLY_ER,150,150,"X","",0x8516,"Constants Misfire detection"
0x858E,2,MEDIUM,C_TPS_GRD_SUM_MAX,30,30,"X","",0x8518,"Constants catalyst efficiency diagnosis"
0x8590,2,MEDIUM,C_TPS_GRD_SUM_MIN,14,14,"X","",0x851A,"Constants catalyst efficiency diagnosis"
0x8592,2,HIGH,C_TPS_HYS,2,2,"X","",0x851C,"Constants Auxiliary functions"
0x8596,2,MEDIUM,C_V_DTP_DIF_CON_DIAG,197,197,"X","",0x851E,"Constants DTP Sensor"
0x8598,2,MEDIUM,C_V_DTP_MAX_DIAG,65472,65472,"X","",0x8520,"Constants DTP Sensor"
0x859A,2,HIGH,C_V_DTP_MIN_CON_DIAG,24773,24773,"X","",0x8522,"Constants DTP Sensor"
0x859C,2,MEDIUM,C_V_DTP_MIN_DIAG,0,0,"X","",0x8524,"Constants DTP Sensor"
0x859E,2,HIGH,C_V_DTP_MIN_SOV,19661,19661,"X","",0x8526,"Constants Diagnosis"
0x85FA,2,MEDIUM,C_VLS_CYC_MIN_DIAG,8,8,"X","",0x8528,"Constants catalyst efficiency diagnosis"
0x85FC,2,MEDIUM,C_VLS_CYCNR_MIN_DIAG,8,8,"X","",0x852A,"Constants catalyst efficiency diagnosis"
0x85FE,2,HIGH,C_VS_FAC_0,2595,2595,"X","",0x852E,"Constants Auxiliary functions"
0x8600,2,HIGH,C_VS_FAC_1_2,22998,22998,"X","",0x8530,"Constants Auxiliary functions"
0x8602,2,HIGH,C_WHEEL_GRD_CRLC_RR,6554,6554,"X","",0x8532,"Constants Misfire detection"
0x8604,2,HIGH,C_WHEEL_GRD_MMV_FTL_INTM,118,118,"X","",0x8534,"Constants for FTL"
0x8606,2,HIGH,C_DIAGCP_MDL_BAS_DIF_MAX,702,702,"X","",0x8536,"Constants Canister Purge Diagnosis"
0x8608,2,HIGH,C_DIAGCP_MDL_BAS_DIF_MIN,64133,64133,"X","",0x8538,"Constants Canister Purge Diagnosis"
0x8612,2,HIGH,C_DTP_BAS_COR,10240,10240,"X","",0x853A,"Constants Canister Purge Diagnosis"
0x8614,2,HIGH,C_DTP_DIAGCP,55296,55296,"X","",0x853C,"Constants Canister Purge Diagnosis"
0x8616,2,HIGH,C_DTP_DIF_CPS_DIAGCP,63936,63936,"X","",0x853E,"Constants Canister Purge Diagnosis"
0x8618,2,HIGH,C_DTP_DIF_DIAGCP,53536,53536,"X","",0x8540,"Constants Canister Purge Diagnosis"
0x861A,2,HIGH,C_DTP_DIF_MAX_DIAGCP,400,400,"X","",0x8542,"Constants Canister Purge Diagnosis"
0x861C,2,HIGH,C_DTP_DIF_MIN_DIAGCP,32000,32000,"X","",0x8544,"Constants Canister Purge Diagnosis"
0x861E,2,MEDIUM,C_DTP_DYW_1,1200,1200,"X","",0x8546,"Constants Canister Purge Diagnosis"
0x8620,2,HIGH,C_DTP_DYW_2,400,400,"X","",0x8548,"Constants Canister Purge Diagnosis"
0x8622,2,HIGH,C_DTP_DYW_3,240,240,"X","",0x854A,"Constants Canister Purge Diagnosis"
0x8626,2,HIGH,C_DTP_MAX_DIAGCP,4400,4400,"X","",0x854C,"Constants Canister Purge Diagnosis"
0x8628,2,MEDIUM,C_DTP_MIN_DIAGCP,56736,56736,"X","",0x854E,"Constants Canister Purge Diagnosis"
0x862A,2,HIGH,C_DTP_MV_MIN_DIAGCP,52496,52496,"X","",0x8550,"Constants Canister Purge Diagnosis"
0x862C,2,HIGH,C_DTP_SLOP_DIF_MAX,8,8,"X","",0x8552,"Constants Canister Purge Diagnosis"
0x862E,2,HIGH,C_DTP_SLOP_MAX,80,80,"X","",0x8554,"Constants Canister Purge Diagnosis"
0x8630,2,HIGH,C_DTP_SLOP_MIN,65516,65516,"X","",0x8556,"Constants Canister Purge Diagnosis"
0x8632,2,HIGH,C_HYS_NEG_DTP_DIAGCP,65376,65376,"X","",0x8558,"Constants Canister Purge Diagnosis"
0x8634,2,HIGH,C_HYS_POS_DTP_DIAGCP,40,40,"X","",0x855A,"Constants Canister Purge Diagnosis"
0x8636,2,HIGH,C_ISAPWM_ACCIN_AD_MIN_IS,58982,58982,"X","",0x855C,"Constants ISAPWM"
0x8638,2,HIGH,C_ISAPWM_ACCIN_MAX_I,3932,3932,"X","",0x855E,"Constants idle speed regulation"
0x863A,2,HIGH,C_ISAPWM_ACCIN_MIN_I,0,0,"X","",0x8560,"Constants idle speed regulation"
0x863C,2,HIGH,C_ISAPWM_AD_IS_MAX,32767,32767,"X","",0x8562,"Constants ISAPWM"
0x863E,2,HIGH,C_ISAPWM_AD_IS_MIN,32768,32768,"X","",0x8564,"Constants ISAPWM"
0x8640,2,HIGH,C_ISAPWM_AD_MIN_IS,58982,58982,"X","",0x8566,"Constants ISAPWM"
0x8642,2,HIGH,C_ISAPWM_I_MAX_DRI_2,0,0,"X","",0x8568,"Constants idle speed regulation in drive"
0x8644,2,HIGH,C_ISAPWM_I_MIN_DRI_2,0,0,"X","",0x856A,"Constants idle speed regulation in drive"
0x8646,2,HIGH,C_ISAPWM_MAX_I,2621,2621,"X","",0x856C,"Constants idle speed regulation"
0x8648,2,HIGH,C_ISAPWM_MAX_I_IS,9830,9830,"X","",0x856E,"Constants idle speed regulation"
0x864A,2,HIGH,C_ISAPWM_MIN_I,0,0,"X","",0x8570,"Constants idle speed regulation"
0x864C,2,HIGH,C_ISAPWM_MIN_I_IS,58982,58982,"X","",0x8572,"Constants idle speed regulation"
0x864E,2,HIGH,C_ISAPWM_VS_ACCIN_MAX_I_IS,9830,9830,"X","",0x8574,"Constants idle speed regulation"
0x8650,2,HIGH,C_ISAPWM_VS_ACCIN_MIN_I_IS,0,0,"X","",0x8576,"Constants idle speed regulation"
0x8652,2,HIGH,C_ISAPWM_VS_MAX_I_IS,9830,9830,"X","",0x8578,"Constants idle speed regulation"
0x8654,2,HIGH,C_ISAPWM_VS_MIN_I_IS,0,0,"X","",0x857A,"Constants idle speed regulation"
0x8656,2,HIGH,C_LAM_MIN_DIAGCP,45875,45875,"X","",0x857C,"Constants Canister Purge Diagnosis"
0x8658,2,HIGH,C_LAM_MV_DIF_MAX_1_CP,0,0,"X","",0x857E,"Constants Canister Purge"
0x865A,2,HIGH,C_MAX_DIF_SLOP_MMV,256,256,"X","",0x8580,"Constants DTP slope estimation during evacuation"
0x865C,2,HIGH,C_N_CONV_GRD_MAX,56,56,"X","",0x8582,"Constants ISA/Time delay to apply DRIVE corr."
0x865E,2,HIGH,C_N_DIF_MIN_MMV,64736,64736,"X","",0x8584,"Constants idle speed regulation"
0x8660,2,HIGH,C_T_DLY_AD_DEC,5,5,"X","",0x8586,"Constants Fuel Trim and Cat Purge Function"
0x8664,2,MEDIUM,C_TPS_GRD_OFF_PUR,2,2,"X","",0x8588,"Constants AE, PUR, PUC"
0x866A,1,HIGH,C_ISAPWM_DEC_2_CFA,0,0,"X","",0x858A,"Constants CFA 2 speed control"
0x866B,1,HIGH,C_ISAPWM_DEC_3_CFA,0,0,"X","",0x858B,"Constants CFA 3 speed control"
0x866C,1,HIGH,C_ISAPWM_N_GRD_I_ADD,247,247,"X","",0x858C,"Constants idle speed regulation"
0x866D,1,HIGH,C_N_GRD_CAM_LIH_DIAG,10,10,"X","",0x858D,"Constants CRK/CAM Diagnosis"
0x866E,1,HIGH,C_N_GRD_MIN,158,158,"X","",0x858E,"Constants rewetting after PUC in: PL"
0x866F,1,HIGH,C_N_GRD_MIN_D,226,226,"X","",0x858F,"Constants idle speed regulation"
0x8670,1,HIGH,C_N_GRD_MIN_PU,5,5,"X","",0x8590,"Constants PU, PUC, Instationar"
0x8671,1,HIGH,C_T_DLY_ISAPWM_RVS_DEC,0,0,"X","",0x8591,"Constants ISA/Time delay to apply DRIVE corr."
0x8672,1,HIGH,C_T_DLY_ISAPWM_RVS_INC,100,100,"X","",0x8592,"Constants ISA/Time delay to apply DRIVE corr."
